{
  "type": "FeatureCollection",
  "metadata": {
    "purpose": "One public Leaflet overlay containing CAM Hub boundaries, centers, and Hub names.",
    "source_file": "TACF-ME Hubs - 2026-09-01 - Non-overlapping.kmz",
    "processing_history": [
      "Converted the revised KMZ polygons and center points to RFC 7946 GeoJSON.",
      "Exported polygon rings as outline-only boundary LineStrings or MultiLineStrings for Leaflet.",
      "Removed unused altitude coordinates so all coordinates are two-dimensional longitude and latitude.",
      "Retained the merged Warren area and its single repositioned center.",
      "Excluded the Coastal Downeast no-grow zone, which is absent from the revised KMZ.",
      "Adjusted shared Hub boundaries using CAM Sites coordinates so Campus is in Sanford; both Dead River Trailhead sites are in Ellsworth; Erickson Fields Preserve is in Searsport; Hebron Station School is in Bridgton; and Shepard’s Farm Preserve is in Bethel. Each site has at least 300 metres of clearance."
    ],
    "current_contents": "19 Hub boundary features and 19 corresponding center Points.",
    "feature_properties": {
      "Name": "The Hub name displayed by the Leaflet overlay.",
      "Description": "Description retained from the source KMZ when present.",
      "feature_type": "Either boundary or center.",
      "center_method": "For center features, identifies how the center was selected.",
      "union_members": "For Warren, records the two original area names."
    },
    "display_behavior": "Leaflet renders boundaries as green lines and centers as black triangles with permanent Hub-name labels.",
    "maintenance_note": "This metadata object is a valid GeoJSON foreign member that Leaflet safely ignores.",
    "boundary_adjustment_source": "cam_sites.json",
    "boundary_adjustment_script": "scripts/adjust_hub_boundaries_for_sites.py",
    "boundary_adjustment_clearance_metres": 300,
    "boundary_adjustment_sites": [
      {
        "site": "Campus",
        "hub": "Sanford",
        "longitude": -70.452469,
        "latitude": 43.680226
      },
      {
        "site": "Dead River Trailhead Log Landing",
        "hub": "Ellsworth",
        "longitude": -68.691242,
        "latitude": 44.596314
      },
      {
        "site": "Dead River Trailhead Capstone Trail",
        "hub": "Ellsworth",
        "longitude": -68.688195,
        "latitude": 44.595476
      },
      {
        "site": "Erickson Fields Preserve",
        "hub": "Searsport",
        "longitude": -69.101058,
        "latitude": 44.176243
      },
      {
        "site": "Hebron Station School",
        "hub": "Bridgton",
        "longitude": -70.348,
        "latitude": 44.230916
      },
      {
        "site": "Shepard’s Farm Preserve",
        "hub": "Bethel",
        "longitude": -70.56432,
        "latitude": 44.220851
      }
    ],
    "topology_after_adjustment": "Complete original coverage with no intentional gaps or overlaps."
  },
  "features": [
    {
      "type": "Feature",
      "properties": {
        "Name": "Sanford",
        "Description": "",
        "feature_type": "boundary"
      },
      "geometry": {
        "type": "MultiLineString",
        "coordinates": [
          [
            [
              -71.0735772923,
              43.4384506264
            ],
            [
              -71.0673821162,
              43.4632493787
            ],
            [
              -71.0582265002,
              43.4875611723
            ],
            [
              -71.0461768594,
              43.5112002822
            ],
            [
              -71.0313220114,
              43.5339859066
            ],
            [
              -71.0137725902,
              43.5557435699
            ],
            [
              -70.9936602803,
              43.5763064826
            ],
            [
              -70.9711368738,
              43.5955168467
            ],
            [
              -70.946373156,
              43.6132270969
            ],
            [
              -70.9195576275,
              43.6293010648
            ],
            [
              -70.8908950694,
              43.6436150579
            ],
            [
              -70.8606049659,
              43.656058843
            ],
            [
              -70.8289197927,
              43.6665365248
            ],
            [
              -70.7960831892,
              43.6749673126
            ],
            [
              -70.7623480275,
              43.681286168
            ],
            [
              -70.7484704008,
              43.6829660704
            ],
            [
              -70.754424963,
              43.6847910821
            ],
            [
              -70.5224546344,
              43.6687543806
            ],
            [
              -70.5332052822,
              43.6671190076
            ],
            [
              -70.5232910402,
              43.6644164105
            ],
            [
              -70.49189064,
              43.6535011114
            ],
            [
              -70.4619371937,
              43.6406394246
            ],
            [
              -70.433660487,
              43.6259304519
            ],
            [
              -70.4072769287,
              43.6094874503
            ],
            [
              -70.3829878681,
              43.5914369294
            ],
            [
              -70.3609780469,
              43.5719176466
            ],
            [
              -70.3414141985,
              43.5510795084
            ],
            [
              -70.3244438049,
              43.5290823885
            ],
            [
              -70.3101940191,
              43.5060948719
            ],
            [
              -70.2987707614,
              43.4822929361
            ],
            [
              -70.2902579913,
              43.4578585813
            ],
            [
              -70.284717162,
              43.4329784193
            ],
            [
              -70.2821868551,
              43.4078422344
            ],
            [
              -70.2826825969,
              43.3826415266
            ],
            [
              -70.2861968547,
              43.3575680485
            ],
            [
              -70.2926992075,
              43.3328123486
            ],
            [
              -70.302136689,
              43.3085623297
            ],
            [
              -70.3144342949,
              43.2850018347
            ],
            [
              -70.3294956487,
              43.2623092704
            ],
            [
              -70.3472038177,
              43.2406562766
            ],
            [
              -70.3674222708,
              43.2202064531
            ],
            [
              -70.3899959685,
              43.2011141506
            ],
            [
              -70.4147525764,
              43.1835233349
            ],
            [
              -70.4415037907,
              43.1675665317
            ],
            [
              -70.4700467666,
              43.1533638585
            ],
            [
              -70.500165638,
              43.1410221503
            ],
            [
              -70.5316331187,
              43.1306341839
            ],
            [
              -70.564212173,
              43.1222780063
            ],
            [
              -70.5976577457,
              43.1160163709
            ],
            [
              -70.6317185407,
              43.1118962847
            ],
            [
              -70.6661388363,
              43.1099486701
            ],
            [
              -70.7006603267,
              43.1101881425
            ],
            [
              -70.7350239791,
              43.1126129047
            ],
            [
              -70.7689718946,
              43.1172047607
            ],
            [
              -70.8022491633,
              43.1239292455
            ],
            [
              -70.8346057004,
              43.1327358739
            ],
            [
              -70.865798055,
              43.1435585039
            ],
            [
              -70.8955911787,
              43.1563158136
            ],
            [
              -70.9237601432,
              43.1709118892
            ],
            [
              -70.9500917974,
              43.1872369197
            ],
            [
              -70.9743863511,
              43.2051679948
            ],
            [
              -70.9938380859,
              43.2222670294
            ],
            [
              -71.0174712872,
              43.2469968328
            ],
            [
              -71.0332807698,
              43.2671913319
            ],
            [
              -71.0477467176,
              43.2900887205
            ],
            [
              -71.0594260433,
              43.3138155378
            ],
            [
              -71.0682269818,
              43.3381920723
            ],
            [
              -71.0740792992,
              43.3630334735
            ],
            [
              -71.0769349244,
              43.3881511378
            ],
            [
              -71.0767684208,
              43.4133541296
            ],
            [
              -71.0735772923,
              43.4384506264
            ]
          ],
          [
            [
              -70.4551781338,
              43.682077609
            ],
            [
              -70.4550457186,
              43.6821685361
            ],
            [
              -70.4549133237,
              43.6822594787
            ],
            [
              -70.4549130829,
              43.6822596144
            ],
            [
              -70.4549128616,
              43.6822597663
            ],
            [
              -70.4547686971,
              43.6823409164
            ],
            [
              -70.4546245507,
              43.6824220833
            ],
            [
              -70.4546242926,
              43.6824222013
            ],
            [
              -70.4546240517,
              43.6824223369
            ],
            [
              -70.4544695263,
              43.6824929284
            ],
            [
              -70.4543150166,
              43.682563538
            ],
            [
              -70.4543147436,
              43.6825636372
            ],
            [
              -70.4543144854,
              43.6825637551
            ],
            [
              -70.4541510874,
              43.6826231081
            ],
            [
              -70.4539877025,
              43.6826824801
            ],
            [
              -70.4539874173,
              43.6826825596
            ],
            [
              -70.4539871443,
              43.6826826588
            ],
            [
              -70.4538164474,
              43.6827302016
            ],
            [
              -70.4536457609,
              43.6827777643
            ],
            [
              -70.4536454663,
              43.6827778232
            ],
            [
              -70.4536451811,
              43.6827779027
            ],
            [
              -70.4534688292,
              43.6828131774
            ],
            [
              -70.4532924852,
              43.6828484726
            ],
            [
              -70.453292184,
              43.6828485105
            ],
            [
              -70.4532918893,
              43.6828485695
            ],
            [
              -70.4531115811,
              43.6828712363
            ],
            [
              -70.452931278,
              43.6828939241
            ],
            [
              -70.452930973,
              43.6828939406
            ],
            [
              -70.4529306718,
              43.6828939785
            ],
            [
              -70.4527481439,
              43.6829038191
            ],
            [
              -70.4525656182,
              43.682913681
            ],
            [
              -70.4525653125,
              43.6829136759
            ],
            [
              -70.4525650075,
              43.6829136923
            ],
            [
              -70.4523820181,
              43.682910612
            ],
            [
              -70.4521990279,
              43.682907553
            ],
            [
              -70.4521987243,
              43.6829075263
            ],
            [
              -70.4521984186,
              43.6829075212
            ],
            [
              -70.45201673,
              43.6828915496
            ],
            [
              -70.4518350379,
              43.6828755991
            ],
            [
              -70.4518347394,
              43.6828755511
            ],
            [
              -70.4518344358,
              43.6828755244
            ],
            [
              -70.4516557981,
              43.6828468153
            ],
            [
              -70.4514771539,
              43.682818127
            ],
            [
              -70.4514768634,
              43.6828180583
            ],
            [
              -70.4514765649,
              43.6828180103
            ],
            [
              -70.4513026986,
              43.6827768403
            ],
            [
              -70.4511288231,
              43.6827356904
            ],
            [
              -70.4511285433,
              43.6827356015
            ],
            [
              -70.4511282528,
              43.6827355327
            ],
            [
              -70.4509608325,
              43.6826822983
            ],
            [
              -70.4507934003,
              43.6826290833
            ],
            [
              -70.450793134,
              43.6826289751
            ],
            [
              -70.4507928543,
              43.6826288861
            ],
            [
              -70.4506334924,
              43.6825641
            ],
            [
              -70.4504741161,
              43.6824993324
            ],
            [
              -70.4504738659,
              43.6824992059
            ],
            [
              -70.4504735996,
              43.6824990977
            ],
            [
              -70.4503238311,
              43.6824233839
            ],
            [
              -70.4501740457,
              43.6823476875
            ],
            [
              -70.4501738139,
              43.682347544
            ],
            [
              -70.4501735637,
              43.6823474175
            ],
            [
              -70.4500348309,
              43.6822615052
            ],
            [
              -70.449896079,
              43.6821756091
            ],
            [
              -70.4498958678,
              43.68217545
            ],
            [
              -70.4498956361,
              43.6821753064
            ],
            [
              -70.4497692752,
              43.6820800232
            ],
            [
              -70.4496428931,
              43.6819847547
            ],
            [
              -70.4496427046,
              43.6819845814
            ],
            [
              -70.4496424935,
              43.6819844222
            ],
            [
              -70.4495297214,
              43.6818806857
            ],
            [
              -70.4494169261,
              43.6817769624
            ],
            [
              -70.4494167622,
              43.6817767767
            ],
            [
              -70.4494165738,
              43.6817766034
            ],
            [
              -70.4493184766,
              43.6816654127
            ],
            [
              -70.4492203544,
              43.6815542336
            ],
            [
              -70.4492202165,
              43.6815540372
            ],
            [
              -70.4492200526,
              43.6815538514
            ],
            [
              -70.4491375749,
              43.6814362775
            ],
            [
              -70.4490550706,
              43.6813187134
            ],
            [
              -70.4490549602,
              43.6813185082
            ],
            [
              -70.4490548224,
              43.6813183117
            ],
            [
              -70.4489887583,
              43.681195487
            ],
            [
              -70.4489226665,
              43.68107267
            ],
            [
              -70.4489225846,
              43.681072458
            ],
            [
              -70.4489224742,
              43.6810722528
            ],
            [
              -70.4488734598,
              43.6809453602
            ],
            [
              -70.4488244168,
              43.6808184733
            ],
            [
              -70.4488243641,
              43.6808182565
            ],
            [
              -70.4488242822,
              43.6808180445
            ],
            [
              -70.4487927894,
              43.680688306
            ],
            [
              -70.4487612672,
              43.6805585712
            ],
            [
              -70.4487612444,
              43.6805583518
            ],
            [
              -70.4487611917,
              43.680558135
            ],
            [
              -70.4487475236,
              43.6804268002
            ],
            [
              -70.4487338257,
              43.680295467
            ],
            [
              -70.4487338329,
              43.680295247
            ],
            [
              -70.44873381,
              43.6802950275
            ],
            [
              -70.448738098,
              43.6801633612
            ],
            [
              -70.4487423561,
              43.6800316943
            ],
            [
              -70.4487423932,
              43.6800314759
            ],
            [
              -70.4487424003,
              43.6800312559
            ],
            [
              -70.448764603,
              43.679900526
            ],
            [
              -70.4487867758,
              43.6797697935
            ],
            [
              -70.4487868424,
              43.6797695788
            ],
            [
              -70.4487868795,
              43.6797693604
            ],
            [
              -70.4488267828,
              43.6796408259
            ],
            [
              -70.4488666566,
              43.6795122869
            ],
            [
              -70.4488667522,
              43.6795120778
            ],
            [
              -70.4488668188,
              43.6795118631
            ],
            [
              -70.4489240382,
              43.679386762
            ],
            [
              -70.4489812289,
              43.6792616542
            ],
            [
              -70.4489813525,
              43.6792614529
            ],
            [
              -70.4489814481,
              43.6792612439
            ],
            [
              -70.4490554323,
              43.6791407808
            ],
            [
              -70.4491293889,
              43.6790203091
            ],
            [
              -70.4491295393,
              43.6790201175
            ],
            [
              -70.4491296629,
              43.6790199162
            ],
            [
              -70.4492196994,
              43.6789052513
            ],
            [
              -70.4493097095,
              43.6787905757
            ],
            [
              -70.4493098852,
              43.6787903956
            ],
            [
              -70.4493100357,
              43.678790204
            ],
            [
              -70.4494152572,
              43.6786824414
            ],
            [
              -70.4495204538,
              43.6785746664
            ],
            [
              -70.4495206533,
              43.6785744996
            ],
            [
              -70.4495208291,
              43.6785743195
            ],
            [
              -70.4496402222,
              43.678474497
            ],
            [
              -70.4497595923,
              43.6783746603
            ],
            [
              -70.4733126277,
              43.6605209631
            ],
            [
              -70.4352958233,
              43.6345352265
            ],
            [
              -70.4994693299,
              43.659678727
            ],
            [
              -70.4954710343,
              43.6668620165
            ],
            [
              -70.4811189848,
              43.6658532186
            ],
            [
              -70.4787314502,
              43.6642225072
            ],
            [
              -70.4551785545,
              43.6820772903
            ],
            [
              -70.4551783332,
              43.6820774422
            ],
            [
              -70.4551781338,
              43.682077609
            ]
          ]
        ]
      }
    },
    {
      "type": "Feature",
      "properties": {
        "Name": "Freeport",
        "Description": "",
        "feature_type": "boundary"
      },
      "geometry": {
        "type": "LineString",
        "coordinates": [
          [
            -70.0953833953,
            43.5289029516
          ],
          [
            -70.1323661657,
            43.5301131658
          ],
          [
            -70.1690663322,
            43.5336438885
          ],
          [
            -70.2052087272,
            43.5394686528
          ],
          [
            -70.2405221752,
            43.5475437857
          ],
          [
            -70.2747414407,
            43.5578087203
          ],
          [
            -70.3076091414,
            43.5701864311
          ],
          [
            -70.3388776155,
            43.5845839871
          ],
          [
            -70.3683107317,
            43.6008932215
          ],
          [
            -70.3956856299,
            43.6189915128
          ],
          [
            -70.4352958233,
            43.6345352265
          ],
          [
            -70.4733126277,
            43.6605209631
          ],
          [
            -70.4497595923,
            43.6783746603
          ],
          [
            -70.4496402222,
            43.678474497
          ],
          [
            -70.4495208291,
            43.6785743195
          ],
          [
            -70.4495206533,
            43.6785744996
          ],
          [
            -70.4495204538,
            43.6785746664
          ],
          [
            -70.4494152572,
            43.6786824414
          ],
          [
            -70.4493100357,
            43.678790204
          ],
          [
            -70.4493098852,
            43.6787903956
          ],
          [
            -70.4493097095,
            43.6787905757
          ],
          [
            -70.4492196994,
            43.6789052513
          ],
          [
            -70.4491296629,
            43.6790199162
          ],
          [
            -70.4491295393,
            43.6790201175
          ],
          [
            -70.4491293889,
            43.6790203091
          ],
          [
            -70.4490554323,
            43.6791407808
          ],
          [
            -70.4489814481,
            43.6792612439
          ],
          [
            -70.4489813525,
            43.6792614529
          ],
          [
            -70.4489812289,
            43.6792616542
          ],
          [
            -70.4489240382,
            43.679386762
          ],
          [
            -70.4488668188,
            43.6795118631
          ],
          [
            -70.4488667522,
            43.6795120778
          ],
          [
            -70.4488666566,
            43.6795122869
          ],
          [
            -70.4488267828,
            43.6796408259
          ],
          [
            -70.4487868795,
            43.6797693604
          ],
          [
            -70.4487868424,
            43.6797695788
          ],
          [
            -70.4487867758,
            43.6797697935
          ],
          [
            -70.448764603,
            43.679900526
          ],
          [
            -70.4487424003,
            43.6800312559
          ],
          [
            -70.4487423932,
            43.6800314759
          ],
          [
            -70.4487423561,
            43.6800316943
          ],
          [
            -70.448738098,
            43.6801633612
          ],
          [
            -70.44873381,
            43.6802950275
          ],
          [
            -70.4487338329,
            43.680295247
          ],
          [
            -70.4487338257,
            43.680295467
          ],
          [
            -70.4487475236,
            43.6804268002
          ],
          [
            -70.4487611917,
            43.680558135
          ],
          [
            -70.4487612444,
            43.6805583518
          ],
          [
            -70.4487612672,
            43.6805585712
          ],
          [
            -70.4487927894,
            43.680688306
          ],
          [
            -70.4488242822,
            43.6808180445
          ],
          [
            -70.4488243641,
            43.6808182565
          ],
          [
            -70.4488244168,
            43.6808184733
          ],
          [
            -70.4488734598,
            43.6809453602
          ],
          [
            -70.4489224742,
            43.6810722528
          ],
          [
            -70.4489225846,
            43.681072458
          ],
          [
            -70.4489226665,
            43.68107267
          ],
          [
            -70.4489887583,
            43.681195487
          ],
          [
            -70.4490548224,
            43.6813183117
          ],
          [
            -70.4490549602,
            43.6813185082
          ],
          [
            -70.4490550706,
            43.6813187134
          ],
          [
            -70.4491375749,
            43.6814362775
          ],
          [
            -70.4492200526,
            43.6815538514
          ],
          [
            -70.4492202165,
            43.6815540372
          ],
          [
            -70.4492203544,
            43.6815542336
          ],
          [
            -70.4493184766,
            43.6816654127
          ],
          [
            -70.4494165738,
            43.6817766034
          ],
          [
            -70.4494167622,
            43.6817767767
          ],
          [
            -70.4494169261,
            43.6817769624
          ],
          [
            -70.4495297214,
            43.6818806857
          ],
          [
            -70.4496424935,
            43.6819844222
          ],
          [
            -70.4496427046,
            43.6819845814
          ],
          [
            -70.4496428931,
            43.6819847547
          ],
          [
            -70.4497692752,
            43.6820800232
          ],
          [
            -70.4498956361,
            43.6821753064
          ],
          [
            -70.4498958678,
            43.68217545
          ],
          [
            -70.449896079,
            43.6821756091
          ],
          [
            -70.4500348309,
            43.6822615052
          ],
          [
            -70.4501735637,
            43.6823474175
          ],
          [
            -70.4501738139,
            43.682347544
          ],
          [
            -70.4501740457,
            43.6823476875
          ],
          [
            -70.4503238311,
            43.6824233839
          ],
          [
            -70.4504735996,
            43.6824990977
          ],
          [
            -70.4504738659,
            43.6824992059
          ],
          [
            -70.4504741161,
            43.6824993324
          ],
          [
            -70.4506334924,
            43.6825641
          ],
          [
            -70.4507928543,
            43.6826288861
          ],
          [
            -70.450793134,
            43.6826289751
          ],
          [
            -70.4507934003,
            43.6826290833
          ],
          [
            -70.4509608325,
            43.6826822983
          ],
          [
            -70.4511282528,
            43.6827355327
          ],
          [
            -70.4511285433,
            43.6827356015
          ],
          [
            -70.4511288231,
            43.6827356904
          ],
          [
            -70.4513026986,
            43.6827768403
          ],
          [
            -70.4514765649,
            43.6828180103
          ],
          [
            -70.4514768634,
            43.6828180583
          ],
          [
            -70.4514771539,
            43.682818127
          ],
          [
            -70.4516557981,
            43.6828468153
          ],
          [
            -70.4518344358,
            43.6828755244
          ],
          [
            -70.4518347394,
            43.6828755511
          ],
          [
            -70.4518350379,
            43.6828755991
          ],
          [
            -70.45201673,
            43.6828915496
          ],
          [
            -70.4521984186,
            43.6829075212
          ],
          [
            -70.4521987243,
            43.6829075263
          ],
          [
            -70.4521990279,
            43.682907553
          ],
          [
            -70.4523820181,
            43.682910612
          ],
          [
            -70.4525650075,
            43.6829136923
          ],
          [
            -70.4525653125,
            43.6829136759
          ],
          [
            -70.4525656182,
            43.682913681
          ],
          [
            -70.4527481439,
            43.6829038191
          ],
          [
            -70.4529306718,
            43.6828939785
          ],
          [
            -70.452930973,
            43.6828939406
          ],
          [
            -70.452931278,
            43.6828939241
          ],
          [
            -70.4531115811,
            43.6828712363
          ],
          [
            -70.4532918893,
            43.6828485695
          ],
          [
            -70.453292184,
            43.6828485105
          ],
          [
            -70.4532924852,
            43.6828484726
          ],
          [
            -70.4534688292,
            43.6828131774
          ],
          [
            -70.4536451811,
            43.6827779027
          ],
          [
            -70.4536454663,
            43.6827778232
          ],
          [
            -70.4536457609,
            43.6827777643
          ],
          [
            -70.4538164474,
            43.6827302016
          ],
          [
            -70.4539871443,
            43.6826826588
          ],
          [
            -70.4539874173,
            43.6826825596
          ],
          [
            -70.4539877025,
            43.6826824801
          ],
          [
            -70.4541510874,
            43.6826231081
          ],
          [
            -70.4543144854,
            43.6825637551
          ],
          [
            -70.4543147436,
            43.6825636372
          ],
          [
            -70.4543150166,
            43.682563538
          ],
          [
            -70.4544695263,
            43.6824929284
          ],
          [
            -70.4546240517,
            43.6824223369
          ],
          [
            -70.4546242926,
            43.6824222013
          ],
          [
            -70.4546245507,
            43.6824220833
          ],
          [
            -70.4547686971,
            43.6823409164
          ],
          [
            -70.4549128616,
            43.6822597663
          ],
          [
            -70.4549130829,
            43.6822596144
          ],
          [
            -70.4549133237,
            43.6822594787
          ],
          [
            -70.4550457186,
            43.6821685361
          ],
          [
            -70.4551781338,
            43.682077609
          ],
          [
            -70.4551783332,
            43.6820774422
          ],
          [
            -70.4551785545,
            43.6820772903
          ],
          [
            -70.4787314502,
            43.6642225072
          ],
          [
            -70.4811189848,
            43.6658532186
          ],
          [
            -70.2740165279,
            44.126292611
          ],
          [
            -69.7542852461,
            44.0507181696
          ],
          [
            -69.6691607043,
            43.8205711936
          ],
          [
            -69.6700094133,
            43.8084483004
          ],
          [
            -69.6751136199,
            43.7818618327
          ],
          [
            -69.6834019459,
            43.7556971525
          ],
          [
            -69.6948074091,
            43.7301527015
          ],
          [
            -69.7092397005,
            43.7054219686
          ],
          [
            -69.7265859754,
            43.6816920447
          ],
          [
            -69.7467118014,
            43.6591422339
          ],
          [
            -69.7694622517,
            43.6379427284
          ],
          [
            -69.7946631351,
            43.6182533559
          ],
          [
            -69.8221223507,
            43.6002224096
          ],
          [
            -69.8516313573,
            43.5839855657
          ],
          [
            -69.8829667451,
            43.5696648975
          ],
          [
            -69.9158918998,
            43.5573679913
          ],
          [
            -69.9501587459,
            43.5471871692
          ],
          [
            -69.9855095594,
            43.5391988242
          ],
          [
            -70.0216788366,
            43.533462871
          ],
          [
            -70.0583952098,
            43.5300223166
          ],
          [
            -70.0953833953,
            43.5289029516
          ]
        ]
      }
    },
    {
      "type": "Feature",
      "properties": {
        "Name": "Bridgton",
        "Description": "",
        "feature_type": "boundary"
      },
      "geometry": {
        "type": "LineString",
        "coordinates": [
          [
            -70.8304385996,
            44.1918422977
          ],
          [
            -70.8278780346,
            44.1929931241
          ],
          [
            -70.8299275896,
            44.1933426962
          ],
          [
            -70.5725569396,
            44.2348137773
          ],
          [
            -70.5725569396,
            44.2348137773
          ],
          [
            -70.567995114,
            44.2202627861
          ],
          [
            -70.5679936548,
            44.22025901
          ],
          [
            -70.5679927048,
            44.2202551518
          ],
          [
            -70.5679444668,
            44.2201317248
          ],
          [
            -70.5678967315,
            44.2200081982
          ],
          [
            -70.5678947613,
            44.2200045425
          ],
          [
            -70.5678932867,
            44.2200007694
          ],
          [
            -70.5678283522,
            44.2198813156
          ],
          [
            -70.5677639043,
            44.2197617274
          ],
          [
            -70.5677614422,
            44.2197582273
          ],
          [
            -70.5677594572,
            44.2197545757
          ],
          [
            -70.5676784517,
            44.2196402454
          ],
          [
            -70.567597912,
            44.2195257473
          ],
          [
            -70.5675949818,
            44.2195224365
          ],
          [
            -70.5675925055,
            44.2195189415
          ],
          [
            -70.5674962092,
            44.2194108358
          ],
          [
            -70.5674003535,
            44.2193025303
          ],
          [
            -70.5673969833,
            44.2192994407
          ],
          [
            -70.5673940396,
            44.219296136
          ],
          [
            -70.56728338,
            44.2191952958
          ],
          [
            -70.5671731316,
            44.219094226
          ],
          [
            -70.5671693538,
            44.2190913874
          ],
          [
            -70.567165971,
            44.2190883047
          ],
          [
            -70.5670420139,
            44.2189957012
          ],
          [
            -70.5669184345,
            44.2189028404
          ],
          [
            -70.5669142856,
            44.2189002799
          ],
          [
            -70.5669104963,
            44.2188974491
          ],
          [
            -70.5667744355,
            44.2188139739
          ],
          [
            -70.5666387153,
            44.2187302162
          ],
          [
            -70.5666342352,
            44.2187279588
          ],
          [
            -70.5666300759,
            44.218725407
          ],
          [
            -70.5664832217,
            44.218651864
          ],
          [
            -70.5663366676,
            44.218578016
          ],
          [
            -70.5663318995,
            44.2185760832
          ],
          [
            -70.5663274103,
            44.218573835
          ],
          [
            -70.5661711768,
            44.2185109324
          ],
          [
            -70.5660152003,
            44.2184477052
          ],
          [
            -70.56601019,
            44.2184461157
          ],
          [
            -70.5660054141,
            44.2184441928
          ],
          [
            -70.565841306,
            44.2183925363
          ],
          [
            -70.565677409,
            44.2183405388
          ],
          [
            -70.5656722049,
            44.2183393079
          ],
          [
            -70.5656671882,
            44.2183377287
          ],
          [
            -70.5654967857,
            44.2182978157
          ],
          [
            -70.5653265465,
            44.2182575486
          ],
          [
            -70.5653211986,
            44.2182566881
          ],
          [
            -70.5653159896,
            44.218255468
          ],
          [
            -70.5651409336,
            44.2182276828
          ],
          [
            -70.5649659916,
            44.2181995338
          ],
          [
            -70.5649605514,
            44.218199052
          ],
          [
            -70.5649552001,
            44.2181982026
          ],
          [
            -70.5647771764,
            44.2181828128
          ],
          [
            -70.5645992161,
            44.218167053
          ],
          [
            -70.5645937361,
            44.2181669546
          ],
          [
            -70.564588294,
            44.2181664841
          ],
          [
            -70.5644090168,
            44.2181636379
          ],
          [
            -70.564229752,
            44.2181604189
          ],
          [
            -70.5642242848,
            44.2181607049
          ],
          [
            -70.5642188044,
            44.2181606179
          ],
          [
            -70.5640400001,
            44.2181703427
          ],
          [
            -70.5638611569,
            44.2181796956
          ],
          [
            -70.5638557553,
            44.2181803631
          ],
          [
            -70.5638502893,
            44.2181806604
          ],
          [
            -70.5636736796,
            44.2182028625
          ],
          [
            -70.5634969801,
            44.2182246973
          ],
          [
            -70.5634916961,
            44.21822574
          ],
          [
            -70.5634862972,
            44.2182264187
          ],
          [
            -70.5633135828,
            44.2182608843
          ],
          [
            -70.5631407286,
            44.2182949908
          ],
          [
            -70.563135613,
            44.2182963985
          ],
          [
            -70.5631303332,
            44.2182974521
          ],
          [
            -70.5629631772,
            44.2183438494
          ],
          [
            -70.5627958329,
            44.218389899
          ],
          [
            -70.5627909349,
            44.2183916583
          ],
          [
            -70.5627858251,
            44.2183930766
          ],
          [
            -70.5626258371,
            44.2184509589
          ],
          [
            -70.5624656141,
            44.2185085083
          ],
          [
            -70.562460981,
            44.2185106021
          ],
          [
            -70.5624560903,
            44.2185123715
          ],
          [
            -70.5623048111,
            44.2185811813
          ],
          [
            -70.5621532522,
            44.2186496763
          ],
          [
            -70.5621489286,
            44.2186520846
          ],
          [
            -70.5621443041,
            44.2186541881
          ],
          [
            -70.5620031904,
            44.2187332628
          ],
          [
            -70.5618617552,
            44.2188120437
          ],
          [
            -70.5618577828,
            44.2188147433
          ],
          [
            -70.561853469,
            44.2188171605
          ],
          [
            -70.5617238798,
            44.2189057387
          ],
          [
            -70.5615939304,
            44.2189940471
          ],
          [
            -70.5615903473,
            44.2189970119
          ],
          [
            -70.5615863859,
            44.2189997197
          ],
          [
            -70.5614695692,
            44.2190969484
          ],
          [
            -70.561352357,
            44.2191939338
          ],
          [
            -70.5613491978,
            44.2191971353
          ],
          [
            -70.5613456268,
            44.2192001075
          ],
          [
            -70.5612427076,
            44.2193050504
          ],
          [
            -70.5611393615,
            44.2194097789
          ],
          [
            -70.5611366566,
            44.2194131862
          ],
          [
            -70.5611335104,
            44.2194163943
          ],
          [
            -70.56104548,
            44.2195280408
          ],
          [
            -70.5609569954,
            44.2196395039
          ],
          [
            -70.5609547708,
            44.2196430843
          ],
          [
            -70.5609520798,
            44.2196464973
          ],
          [
            -70.560879786,
            44.2197637723
          ],
          [
            -70.5608070151,
            44.2198808966
          ],
          [
            -70.5608052923,
            44.2198846156
          ],
          [
            -70.5608030823,
            44.2198882006
          ],
          [
            -70.5607472215,
            44.2200099747
          ],
          [
            -70.5606908653,
            44.2201316323
          ],
          [
            -70.5606896609,
            44.220135454
          ],
          [
            -70.5606879533,
            44.2201391766
          ],
          [
            -70.5606490636,
            44.2202642772
          ],
          [
            -70.5606096649,
            44.2203892964
          ],
          [
            -70.5606089905,
            44.2203931842
          ],
          [
            -70.5606078017,
            44.2203970084
          ],
          [
            -70.5605862579,
            44.2205242307
          ],
          [
            -70.5605641964,
            44.2206514076
          ],
          [
            -70.5605640585,
            44.2206553239
          ],
          [
            -70.5605633999,
            44.220659213
          ],
          [
            -70.5605594097,
            44.2207873317
          ],
          [
            -70.5605548981,
            44.2209154417
          ],
          [
            -70.560555298,
            44.2209193487
          ],
          [
            -70.560555176,
            44.2209232652
          ],
          [
            -70.5605687779,
            44.2210510466
          ],
          [
            -70.5605818598,
            44.2211788558
          ],
          [
            -70.5605827936,
            44.221182716
          ],
          [
            -70.5605832094,
            44.2211866222
          ],
          [
            -70.5606142727,
            44.2213128356
          ],
          [
            -70.5606448223,
            44.221439113
          ],
          [
            -70.5652051518,
            44.2359903911
          ],
          [
            -70.4319239815,
            44.2572443137
          ],
          [
            -70.3803434692,
            44.2145412209
          ],
          [
            -70.3504593158,
            44.2329546166
          ],
          [
            -70.3503142109,
            44.2330354681
          ],
          [
            -70.350169155,
            44.2331163647
          ],
          [
            -70.3501684609,
            44.2331166788
          ],
          [
            -70.350167813,
            44.2331170398
          ],
          [
            -70.3500123148,
            44.2331873394
          ],
          [
            -70.3498568591,
            44.2332576873
          ],
          [
            -70.3498561253,
            44.2332579513
          ],
          [
            -70.349855431,
            44.2332582651
          ],
          [
            -70.349691037,
            44.2333173358
          ],
          [
            -70.3495266788,
            44.2333764575
          ],
          [
            -70.3495259123,
            44.2333766688
          ],
          [
            -70.3495251783,
            44.2333769325
          ],
          [
            -70.349353472,
            44.2334242053
          ],
          [
            -70.3491817942,
            44.2334715314
          ],
          [
            -70.3491810024,
            44.233471688
          ],
          [
            -70.3491802358,
            44.233471899
          ],
          [
            -70.3490028708,
            44.2335069186
          ],
          [
            -70.348825527,
            44.2335419931
          ],
          [
            -70.3488247175,
            44.2335420935
          ],
          [
            -70.3488239256,
            44.2335422499
          ],
          [
            -70.3486426103,
            44.2335646789
          ],
          [
            -70.3484613086,
            44.2335871641
          ],
          [
            -70.3484604892,
            44.2335872074
          ],
          [
            -70.3484596797,
            44.2335873075
          ],
          [
            -70.3482761604,
            44.23359693
          ],
          [
            -70.348092647,
            44.2336066093
          ],
          [
            -70.3480918257,
            44.2336065949
          ],
          [
            -70.3480910063,
            44.2336066379
          ],
          [
            -70.3479070507,
            44.2336033611
          ],
          [
            -70.3477230931,
            44.2336001413
          ],
          [
            -70.3477222777,
            44.2336000695
          ],
          [
            -70.3477214563,
            44.2336000549
          ],
          [
            -70.3475388362,
            44.2335839104
          ],
          [
            -70.3473562062,
            44.2335678225
          ],
          [
            -70.3473554046,
            44.233567694
          ],
          [
            -70.3473545892,
            44.2335676219
          ],
          [
            -70.3471750634,
            44.2335387652
          ],
          [
            -70.3469955202,
            44.2335099642
          ],
          [
            -70.34699474,
            44.2335097801
          ],
          [
            -70.3469939385,
            44.2335096512
          ],
          [
            -70.3468192362,
            44.2334683603
          ],
          [
            -70.3466445089,
            44.2334271236
          ],
          [
            -70.3466437578,
            44.2334268857
          ],
          [
            -70.3466429778,
            44.2334267014
          ],
          [
            -70.3464747816,
            44.2333733739
          ],
          [
            -70.3463065532,
            44.2333200986
          ],
          [
            -70.3463058384,
            44.2333198093
          ],
          [
            -70.3463050874,
            44.2333195712
          ],
          [
            -70.3461450174,
            44.2332547208
          ],
          [
            -70.3459849081,
            44.2331899201
          ],
          [
            -70.3459842364,
            44.2331895821
          ],
          [
            -70.3459835217,
            44.2331892926
          ],
          [
            -70.3458331194,
            44.2331135439
          ],
          [
            -70.3456826713,
            44.2330378419
          ],
          [
            -70.3456820492,
            44.2330374585
          ],
          [
            -70.3456813777,
            44.2330371203
          ],
          [
            -70.3455420918,
            44.232951203
          ],
          [
            -70.3454027538,
            44.2328653288
          ],
          [
            -70.3454021873,
            44.2328649037
          ],
          [
            -70.3454015654,
            44.2328645201
          ],
          [
            -70.3452747372,
            44.2327692615
          ],
          [
            -70.3451478513,
            44.2326740423
          ],
          [
            -70.3451473458,
            44.2326735796
          ],
          [
            -70.3451467796,
            44.2326731543
          ],
          [
            -70.3450336306,
            44.232569472
          ],
          [
            -70.3449204187,
            44.2324658249
          ],
          [
            -70.3449199792,
            44.2324653289
          ],
          [
            -70.344919474,
            44.232464866
          ],
          [
            -70.3448210938,
            44.2323537586
          ],
          [
            -70.3447226462,
            44.2322426818
          ],
          [
            -70.3447222768,
            44.2322421574
          ],
          [
            -70.3447218375,
            44.2322416614
          ],
          [
            -70.3446391735,
            44.232124199
          ],
          [
            -70.3445564382,
            44.2320067623
          ],
          [
            -70.3445561425,
            44.2320062146
          ],
          [
            -70.3445557734,
            44.2320056901
          ],
          [
            -70.3444896216,
            44.231883004
          ],
          [
            -70.3444233952,
            44.2317603385
          ],
          [
            -70.3444231761,
            44.2317597727
          ],
          [
            -70.3444228807,
            44.231759225
          ],
          [
            -70.344373878,
            44.2316324967
          ],
          [
            -70.3443247981,
            44.2315057837
          ],
          [
            -70.3443246577,
            44.2315052054
          ],
          [
            -70.3443244389,
            44.2315046395
          ],
          [
            -70.344293057,
            44.2313750897
          ],
          [
            -70.3442615962,
            44.2312455496
          ],
          [
            -70.3442615357,
            44.2312449642
          ],
          [
            -70.3442613956,
            44.2312443858
          ],
          [
            -70.3442479366,
            44.231113262
          ],
          [
            -70.3442343976,
            44.2309821424
          ],
          [
            -70.3442344178,
            44.2309815555
          ],
          [
            -70.3442343577,
            44.2309809701
          ],
          [
            -70.3442389509,
            44.2308495351
          ],
          [
            -70.344243464,
            44.2307180988
          ],
          [
            -70.3442435646,
            44.2307175162
          ],
          [
            -70.3442435851,
            44.2307169294
          ],
          [
            -70.3442661861,
            44.2305864491
          ],
          [
            -70.3442887075,
            44.2304559618
          ],
          [
            -70.3442888875,
            44.230455389
          ],
          [
            -70.3442889884,
            44.2304548064
          ],
          [
            -70.3443293795,
            44.2303265374
          ],
          [
            -70.3443696921,
            44.2301982558
          ],
          [
            -70.3443699498,
            44.2301976984
          ],
          [
            -70.3443701302,
            44.2301971257
          ],
          [
            -70.344427922,
            44.2300723031
          ],
          [
            -70.3444856375,
            44.2299474625
          ],
          [
            -70.3444859704,
            44.2299469259
          ],
          [
            -70.3444862284,
            44.2299463686
          ],
          [
            -70.3445608643,
            44.2298261946
          ],
          [
            -70.3446354266,
            44.2297059973
          ],
          [
            -70.3446358315,
            44.2297054865
          ],
          [
            -70.3446361648,
            44.22970495
          ],
          [
            -70.3447269258,
            44.2295905818
          ],
          [
            -70.3448176167,
            44.2294761854
          ],
          [
            -70.3448180897,
            44.2294757054
          ],
          [
            -70.344818495,
            44.2294751948
          ],
          [
            -70.3449245069,
            44.2293677338
          ],
          [
            -70.3450304529,
            44.2292602397
          ],
          [
            -70.3450309895,
            44.2292597952
          ],
          [
            -70.3450314628,
            44.2292593155
          ],
          [
            -70.3451517047,
            44.2291597965
          ],
          [
            -70.3452718854,
            44.22906024
          ],
          [
            -70.3452724804,
            44.2290598352
          ],
          [
            -70.3452730173,
            44.2290593909
          ],
          [
            -70.345406331,
            44.2289687723
          ],
          [
            -70.345539589,
            44.2288781121
          ],
          [
            -70.3455402367,
            44.2288777509
          ],
          [
            -70.3455408319,
            44.2288773463
          ],
          [
            -70.375424525,
            44.2104652079
          ],
          [
            -70.2740165279,
            44.126292611
          ],
          [
            -70.4811189848,
            43.6658532186
          ],
          [
            -70.4954710343,
            43.6668620165
          ],
          [
            -70.4916834212,
            43.6736653792
          ],
          [
            -70.5018441315,
            43.671886968
          ],
          [
            -70.5224546344,
            43.6687543806
          ],
          [
            -70.754424963,
            43.6847910821
          ],
          [
            -70.7749035693,
            43.6910648164
          ],
          [
            -70.8058210124,
            43.7029214081
          ],
          [
            -70.8352047099,
            43.7166734046
          ],
          [
            -70.8628326128,
            43.7322174072
          ],
          [
            -70.8884954075,
            43.7494364588
          ],
          [
            -70.9119980785,
            43.7682008938
          ],
          [
            -70.9331613821,
            43.7883692834
          ],
          [
            -70.95182322,
            43.8097894703
          ],
          [
            -70.9678399018,
            43.8322996862
          ],
          [
            -70.9810872864,
            43.8557297447
          ],
          [
            -70.991461793,
            43.8799023021
          ],
          [
            -70.9988812707,
            43.9046341771
          ],
          [
            -71.0032857185,
            43.9297377201
          ],
          [
            -71.0046378484,
            43.9550222235
          ],
          [
            -71.0029234825,
            43.9802953616
          ],
          [
            -70.9981517785,
            44.0053646504
          ],
          [
            -70.9903552787,
            44.0300389154
          ],
          [
            -70.9795897781,
            44.0541297581
          ],
          [
            -70.9659340085,
            44.0774530071
          ],
          [
            -70.9494891393,
            44.0998301444
          ],
          [
            -70.9303780927,
            44.1210896945
          ],
          [
            -70.9087446797,
            44.1410685649
          ],
          [
            -70.8847525571,
            44.1596133261
          ],
          [
            -70.8585840148,
            44.176581422
          ],
          [
            -70.8304385996,
            44.1918422977
          ]
        ]
      }
    },
    {
      "type": "Feature",
      "properties": {
        "Name": "Bethel",
        "Description": "",
        "feature_type": "boundary"
      },
      "geometry": {
        "type": "LineString",
        "coordinates": [
          [
            -70.5607472215,
            44.2200099747
          ],
          [
            -70.5608030823,
            44.2198882006
          ],
          [
            -70.5608052923,
            44.2198846156
          ],
          [
            -70.5608070151,
            44.2198808966
          ],
          [
            -70.560879786,
            44.2197637723
          ],
          [
            -70.5609520798,
            44.2196464973
          ],
          [
            -70.5609547708,
            44.2196430843
          ],
          [
            -70.5609569954,
            44.2196395039
          ],
          [
            -70.56104548,
            44.2195280408
          ],
          [
            -70.5611335104,
            44.2194163943
          ],
          [
            -70.5611366566,
            44.2194131862
          ],
          [
            -70.5611393615,
            44.2194097789
          ],
          [
            -70.5612427076,
            44.2193050504
          ],
          [
            -70.5613456268,
            44.2192001075
          ],
          [
            -70.5613491978,
            44.2191971353
          ],
          [
            -70.561352357,
            44.2191939338
          ],
          [
            -70.5614695692,
            44.2190969484
          ],
          [
            -70.5615863859,
            44.2189997197
          ],
          [
            -70.5615903473,
            44.2189970119
          ],
          [
            -70.5615939304,
            44.2189940471
          ],
          [
            -70.5617238798,
            44.2189057387
          ],
          [
            -70.561853469,
            44.2188171605
          ],
          [
            -70.5618577828,
            44.2188147433
          ],
          [
            -70.5618617552,
            44.2188120437
          ],
          [
            -70.5620031904,
            44.2187332628
          ],
          [
            -70.5621443041,
            44.2186541881
          ],
          [
            -70.5621489286,
            44.2186520846
          ],
          [
            -70.5621532522,
            44.2186496763
          ],
          [
            -70.5623048111,
            44.2185811813
          ],
          [
            -70.5624560903,
            44.2185123715
          ],
          [
            -70.562460981,
            44.2185106021
          ],
          [
            -70.5624656141,
            44.2185085083
          ],
          [
            -70.5626258371,
            44.2184509589
          ],
          [
            -70.5627858251,
            44.2183930766
          ],
          [
            -70.5627909349,
            44.2183916583
          ],
          [
            -70.5627958329,
            44.218389899
          ],
          [
            -70.5629631772,
            44.2183438494
          ],
          [
            -70.5631303332,
            44.2182974521
          ],
          [
            -70.563135613,
            44.2182963985
          ],
          [
            -70.5631407286,
            44.2182949908
          ],
          [
            -70.5633135828,
            44.2182608843
          ],
          [
            -70.5634862972,
            44.2182264187
          ],
          [
            -70.5634916961,
            44.21822574
          ],
          [
            -70.5634969801,
            44.2182246973
          ],
          [
            -70.5636736796,
            44.2182028625
          ],
          [
            -70.5638502893,
            44.2181806604
          ],
          [
            -70.5638557553,
            44.2181803631
          ],
          [
            -70.5638611569,
            44.2181796956
          ],
          [
            -70.5640400001,
            44.2181703427
          ],
          [
            -70.5642188044,
            44.2181606179
          ],
          [
            -70.5642242848,
            44.2181607049
          ],
          [
            -70.564229752,
            44.2181604189
          ],
          [
            -70.5644090168,
            44.2181636379
          ],
          [
            -70.564588294,
            44.2181664841
          ],
          [
            -70.5645937361,
            44.2181669546
          ],
          [
            -70.5645992161,
            44.218167053
          ],
          [
            -70.5647771764,
            44.2181828128
          ],
          [
            -70.5649552001,
            44.2181982026
          ],
          [
            -70.5649605514,
            44.218199052
          ],
          [
            -70.5649659916,
            44.2181995338
          ],
          [
            -70.5651409336,
            44.2182276828
          ],
          [
            -70.5653159896,
            44.218255468
          ],
          [
            -70.5653211986,
            44.2182566881
          ],
          [
            -70.5653265465,
            44.2182575486
          ],
          [
            -70.5654967857,
            44.2182978157
          ],
          [
            -70.5656671882,
            44.2183377287
          ],
          [
            -70.5656722049,
            44.2183393079
          ],
          [
            -70.565677409,
            44.2183405388
          ],
          [
            -70.565841306,
            44.2183925363
          ],
          [
            -70.5660054141,
            44.2184441928
          ],
          [
            -70.56601019,
            44.2184461157
          ],
          [
            -70.5660152003,
            44.2184477052
          ],
          [
            -70.5661711768,
            44.2185109324
          ],
          [
            -70.5663274103,
            44.218573835
          ],
          [
            -70.5663318995,
            44.2185760832
          ],
          [
            -70.5663366676,
            44.218578016
          ],
          [
            -70.5664832217,
            44.218651864
          ],
          [
            -70.5666300759,
            44.218725407
          ],
          [
            -70.5666342352,
            44.2187279588
          ],
          [
            -70.5666387153,
            44.2187302162
          ],
          [
            -70.5667744355,
            44.2188139739
          ],
          [
            -70.5669104963,
            44.2188974491
          ],
          [
            -70.5669142856,
            44.2189002799
          ],
          [
            -70.5669184345,
            44.2189028404
          ],
          [
            -70.5670420139,
            44.2189957012
          ],
          [
            -70.567165971,
            44.2190883047
          ],
          [
            -70.5671693538,
            44.2190913874
          ],
          [
            -70.5671731316,
            44.219094226
          ],
          [
            -70.56728338,
            44.2191952958
          ],
          [
            -70.5673940396,
            44.219296136
          ],
          [
            -70.5673969833,
            44.2192994407
          ],
          [
            -70.5674003535,
            44.2193025303
          ],
          [
            -70.5674962092,
            44.2194108358
          ],
          [
            -70.5675925055,
            44.2195189415
          ],
          [
            -70.5675949818,
            44.2195224365
          ],
          [
            -70.567597912,
            44.2195257473
          ],
          [
            -70.5676784517,
            44.2196402454
          ],
          [
            -70.5677594572,
            44.2197545757
          ],
          [
            -70.5677614422,
            44.2197582273
          ],
          [
            -70.5677639043,
            44.2197617274
          ],
          [
            -70.5678283522,
            44.2198813156
          ],
          [
            -70.5678932867,
            44.2200007694
          ],
          [
            -70.5678947613,
            44.2200045425
          ],
          [
            -70.5678967315,
            44.2200081982
          ],
          [
            -70.5679444668,
            44.2201317248
          ],
          [
            -70.5679927048,
            44.2202551518
          ],
          [
            -70.5679936548,
            44.22025901
          ],
          [
            -70.567995114,
            44.2202627861
          ],
          [
            -70.5725569396,
            44.2348137773
          ],
          [
            -70.5725569396,
            44.2348137773
          ],
          [
            -70.8299275896,
            44.1933426962
          ],
          [
            -70.8566178076,
            44.1978917878
          ],
          [
            -70.8860235032,
            44.2048851767
          ],
          [
            -70.9144751795,
            44.2136821522
          ],
          [
            -70.941758375,
            44.224216549
          ],
          [
            -70.9676671107,
            44.2364090956
          ],
          [
            -70.9920054062,
            44.2501679905
          ],
          [
            -71.0145887343,
            44.2653895709
          ],
          [
            -71.0352454031,
            44.2819590699
          ],
          [
            -71.0538178555,
            44.2997514574
          ],
          [
            -71.0701638773,
            44.318632359
          ],
          [
            -71.084157704,
            44.3384590469
          ],
          [
            -71.0956910171,
            44.3590814966
          ],
          [
            -71.1046738224,
            44.3803435021
          ],
          [
            -71.1110351999,
            44.402083841
          ],
          [
            -71.1147239202,
            44.4241374836
          ],
          [
            -71.1157089188,
            44.4463368342
          ],
          [
            -71.1139796223,
            44.4685129992
          ],
          [
            -71.109546123,
            44.4904970691
          ],
          [
            -71.1024391948,
            44.5121214081
          ],
          [
            -71.0927101506,
            44.5332209381
          ],
          [
            -71.0804305367,
            44.5536344102
          ],
          [
            -71.0656916663,
            44.5732056514
          ],
          [
            -71.0486039912,
            44.5917847775
          ],
          [
            -71.0292963151,
            44.6092293614
          ],
          [
            -71.0079148538,
            44.6254055489
          ],
          [
            -70.9846221458,
            44.6401891096
          ],
          [
            -70.9595958229,
            44.6534664171
          ],
          [
            -70.9330272488,
            44.6651353473
          ],
          [
            -70.9051200364,
            44.675106089
          ],
          [
            -70.8760884558,
            44.683301858
          ],
          [
            -70.846155747,
            44.689659509
          ],
          [
            -70.8155523505,
            44.6941300401
          ],
          [
            -70.7845140732,
            44.6966789848
          ],
          [
            -70.7532802049,
            44.6972866879
          ],
          [
            -70.7220916024,
            44.6959484629
          ],
          [
            -70.6911887598,
            44.6926746296
          ],
          [
            -70.6608098818,
            44.6874904317
          ],
          [
            -70.6311889784,
            44.680435834
          ],
          [
            -70.6226334167,
            44.6777863343
          ],
          [
            -70.3709783465,
            44.5480692776
          ],
          [
            -70.4319239815,
            44.2572443137
          ],
          [
            -70.5652051518,
            44.2359903911
          ],
          [
            -70.5606448223,
            44.221439113
          ],
          [
            -70.5606142727,
            44.2213128356
          ],
          [
            -70.5605832094,
            44.2211866222
          ],
          [
            -70.5605827936,
            44.221182716
          ],
          [
            -70.5605818598,
            44.2211788558
          ],
          [
            -70.5605687779,
            44.2210510466
          ],
          [
            -70.560555176,
            44.2209232652
          ],
          [
            -70.560555298,
            44.2209193487
          ],
          [
            -70.5605548981,
            44.2209154417
          ],
          [
            -70.5605594097,
            44.2207873317
          ],
          [
            -70.5605633999,
            44.220659213
          ],
          [
            -70.5605640585,
            44.2206553239
          ],
          [
            -70.5605641964,
            44.2206514076
          ],
          [
            -70.5605862579,
            44.2205242307
          ],
          [
            -70.5606078017,
            44.2203970084
          ],
          [
            -70.5606089905,
            44.2203931842
          ],
          [
            -70.5606096649,
            44.2203892964
          ],
          [
            -70.5606490636,
            44.2202642772
          ],
          [
            -70.5606879533,
            44.2201391766
          ],
          [
            -70.5606896609,
            44.220135454
          ],
          [
            -70.5606908653,
            44.2201316323
          ],
          [
            -70.5607472215,
            44.2200099747
          ]
        ]
      }
    },
    {
      "type": "Feature",
      "properties": {
        "Name": "Farmington",
        "Description": "",
        "feature_type": "boundary"
      },
      "geometry": {
        "type": "LineString",
        "coordinates": [
          [
            -70.5327748486,
            45.1198028341
          ],
          [
            -70.5014174259,
            45.1319144645
          ],
          [
            -70.4686710688,
            45.1420425104
          ],
          [
            -70.434787814,
            45.1501088084
          ],
          [
            -70.4000288428,
            45.1560510769
          ],
          [
            -70.3646623929,
            45.159823417
          ],
          [
            -70.3289616023,
            45.1613966833
          ],
          [
            -70.2932023085,
            45.1607587187
          ],
          [
            -70.2576608213,
            45.1579144531
          ],
          [
            -70.222611692,
            45.1528858632
          ],
          [
            -70.1883254981,
            45.1457117952
          ],
          [
            -70.1550666666,
            45.1364476514
          ],
          [
            -70.1230913539,
            45.1251649434
          ],
          [
            -70.0926454042,
            45.111950717
          ],
          [
            -70.0639624023,
            45.0969068535
          ],
          [
            -70.0372618399,
            45.0801492538
          ],
          [
            -70.0127474103,
            45.0618069131
          ],
          [
            -69.9906054453,
            45.0420208945
          ],
          [
            -69.9710035068,
            45.0209432108
          ],
          [
            -69.9540891434,
            44.9987356241
          ],
          [
            -69.9417387393,
            44.9784444234
          ],
          [
            -69.9728507363,
            44.6920396671
          ],
          [
            -70.3709783465,
            44.5480692776
          ],
          [
            -70.6226334167,
            44.6777863343
          ],
          [
            -70.6219971233,
            44.6775892564
          ],
          [
            -70.6280477089,
            44.6820821674
          ],
          [
            -70.6502648533,
            44.701747384
          ],
          [
            -70.6700009279,
            44.7227107556
          ],
          [
            -70.6871041962,
            44.7448140459
          ],
          [
            -70.7014423355,
            44.7678902294
          ],
          [
            -70.7129035065,
            44.791764726
          ],
          [
            -70.7213972848,
            44.8162566974
          ],
          [
            -70.7268554435,
            44.8411803963
          ],
          [
            -70.7292325797,
            44.8663465593
          ],
          [
            -70.7285065762,
            44.8915638334
          ],
          [
            -70.7246991415,
            44.9165462084
          ],
          [
            -70.7178064418,
            44.9412921585
          ],
          [
            -70.7078857454,
            44.9655178782
          ],
          [
            -70.6950090946,
            44.989038206
          ],
          [
            -70.6792714564,
            45.0116731469
          ],
          [
            -70.660790094,
            45.0332492718
          ],
          [
            -70.6397037536,
            45.0536010717
          ],
          [
            -70.6161716692,
            45.0725722571
          ],
          [
            -70.590372392,
            45.0900169895
          ],
          [
            -70.5625024498,
            45.1058010356
          ],
          [
            -70.5327748486,
            45.1198028341
          ]
        ]
      }
    },
    {
      "type": "Feature",
      "properties": {
        "Name": "Monson",
        "Description": "",
        "feature_type": "boundary"
      },
      "geometry": {
        "type": "LineString",
        "coordinates": [
          [
            -69.7302763524,
            45.5264936657
          ],
          [
            -69.7087264656,
            45.5466052413
          ],
          [
            -69.6846832838,
            45.5653684002
          ],
          [
            -69.6583799484,
            45.5825870538
          ],
          [
            -69.6300169206,
            45.5981286727
          ],
          [
            -69.5998110718,
            45.6118735295
          ],
          [
            -69.5679940033,
            45.6237156549
          ],
          [
            -69.5348102322,
            45.6335636864
          ],
          [
            -69.5005152591,
            45.6413416011
          ],
          [
            -69.4653735329,
            45.6469893284
          ],
          [
            -69.4296563324,
            45.6504632334
          ],
          [
            -69.3936395839,
            45.65173647
          ],
          [
            -69.3576016344,
            45.6507991973
          ],
          [
            -69.3218210024,
            45.6476586596
          ],
          [
            -69.2865741265,
            45.6423391275
          ],
          [
            -69.2521331344,
            45.6348817019
          ],
          [
            -69.2187636523,
            45.6253439821
          ],
          [
            -69.1867226748,
            45.613799601
          ],
          [
            -69.156256517,
            45.6003376329
          ],
          [
            -69.1275988645,
            45.5850618775
          ],
          [
            -69.1009689405,
            45.5680900289
          ],
          [
            -69.0765698045,
            45.5495527353
          ],
          [
            -69.0545867974,
            45.5295925596
          ],
          [
            -69.0351861436,
            45.5083628488
          ],
          [
            -69.0185137221,
            45.4860265235
          ],
          [
            -69.0046940121,
            45.4627547969
          ],
          [
            -68.9938292226,
            45.4387258351
          ],
          [
            -68.9864000466,
            45.415385039
          ],
          [
            -68.9609543058,
            45.2537451137
          ],
          [
            -69.2433366363,
            45.0526344078
          ],
          [
            -69.6172437022,
            45.1219114113
          ],
          [
            -69.6171124578,
            45.1219196827
          ],
          [
            -69.6236089501,
            45.1247802031
          ],
          [
            -69.6521648628,
            45.13993434
          ],
          [
            -69.6787554932,
            45.156780236
          ],
          [
            -69.7031789151,
            45.1751911162
          ],
          [
            -69.7252489833,
            45.1950283016
          ],
          [
            -69.7447967565,
            45.2161422204
          ],
          [
            -69.7616718103,
            45.2383735043
          ],
          [
            -69.7757434288,
            45.2615541608
          ],
          [
            -69.7869016667,
            45.285508815
          ],
          [
            -69.7950582697,
            45.3100560122
          ],
          [
            -69.8001474454,
            45.3350095719
          ],
          [
            -69.8021264751,
            45.3601799847
          ],
          [
            -69.8009761586,
            45.3853758415
          ],
          [
            -69.7967010861,
            45.410405284
          ],
          [
            -69.7893297295,
            45.4350774677
          ],
          [
            -69.7789143506,
            45.4592040235
          ],
          [
            -69.7655307213,
            45.4826005091
          ],
          [
            -69.7492776556,
            45.5050878364
          ],
          [
            -69.7302763524,
            45.5264936657
          ]
        ]
      }
    },
    {
      "type": "Feature",
      "properties": {
        "Name": "Hartland",
        "Description": "",
        "feature_type": "boundary"
      },
      "geometry": {
        "type": "LineString",
        "coordinates": [
          [
            -69.9137154583,
            45.0084225124
          ],
          [
            -69.8907981236,
            45.0279352171
          ],
          [
            -69.8655462931,
            45.0459564498
          ],
          [
            -69.8381520936,
            45.0623475848
          ],
          [
            -69.8088246843,
            45.076982421
          ],
          [
            -69.7778235518,
            45.0897352464
          ],
          [
            -69.7453186141,
            45.1005357099
          ],
          [
            -69.7115930675,
            45.1092854259
          ],
          [
            -69.6769067623,
            45.1159168461
          ],
          [
            -69.6415272876,
            45.1203787544
          ],
          [
            -69.6172437022,
            45.1219114113
          ],
          [
            -69.2433366363,
            45.0526344078
          ],
          [
            -69.1483430643,
            44.7429241686
          ],
          [
            -69.500453303,
            44.5081957302
          ],
          [
            -69.9728507363,
            44.6920396671
          ],
          [
            -69.9417387393,
            44.9784444234
          ],
          [
            -69.9416249922,
            44.978257484
          ],
          [
            -69.9341246612,
            44.9875682858
          ],
          [
            -69.9137154583,
            45.0084225124
          ]
        ]
      }
    },
    {
      "type": "Feature",
      "properties": {
        "Name": "Winthrop",
        "Description": "",
        "feature_type": "boundary"
      },
      "geometry": {
        "type": "LineString",
        "coordinates": [
          [
            -69.9728507363,
            44.6920396671
          ],
          [
            -69.500453303,
            44.5081957302
          ],
          [
            -69.4691595555,
            44.3074663518
          ],
          [
            -69.7542852461,
            44.0507181696
          ],
          [
            -70.2740165279,
            44.126292611
          ],
          [
            -70.375424525,
            44.2104652079
          ],
          [
            -70.3455408319,
            44.2288773463
          ],
          [
            -70.3455402367,
            44.2288777509
          ],
          [
            -70.345539589,
            44.2288781121
          ],
          [
            -70.345406331,
            44.2289687723
          ],
          [
            -70.3452730173,
            44.2290593909
          ],
          [
            -70.3452724804,
            44.2290598352
          ],
          [
            -70.3452718854,
            44.22906024
          ],
          [
            -70.3451517047,
            44.2291597965
          ],
          [
            -70.3450314628,
            44.2292593155
          ],
          [
            -70.3450309895,
            44.2292597952
          ],
          [
            -70.3450304529,
            44.2292602397
          ],
          [
            -70.3449245069,
            44.2293677338
          ],
          [
            -70.344818495,
            44.2294751948
          ],
          [
            -70.3448180897,
            44.2294757054
          ],
          [
            -70.3448176167,
            44.2294761854
          ],
          [
            -70.3447269258,
            44.2295905818
          ],
          [
            -70.3446361648,
            44.22970495
          ],
          [
            -70.3446358315,
            44.2297054865
          ],
          [
            -70.3446354266,
            44.2297059973
          ],
          [
            -70.3445608643,
            44.2298261946
          ],
          [
            -70.3444862284,
            44.2299463686
          ],
          [
            -70.3444859704,
            44.2299469259
          ],
          [
            -70.3444856375,
            44.2299474625
          ],
          [
            -70.344427922,
            44.2300723031
          ],
          [
            -70.3443701302,
            44.2301971257
          ],
          [
            -70.3443699498,
            44.2301976984
          ],
          [
            -70.3443696921,
            44.2301982558
          ],
          [
            -70.3443293795,
            44.2303265374
          ],
          [
            -70.3442889884,
            44.2304548064
          ],
          [
            -70.3442888875,
            44.230455389
          ],
          [
            -70.3442887075,
            44.2304559618
          ],
          [
            -70.3442661861,
            44.2305864491
          ],
          [
            -70.3442435851,
            44.2307169294
          ],
          [
            -70.3442435646,
            44.2307175162
          ],
          [
            -70.344243464,
            44.2307180988
          ],
          [
            -70.3442389509,
            44.2308495351
          ],
          [
            -70.3442343577,
            44.2309809701
          ],
          [
            -70.3442344178,
            44.2309815555
          ],
          [
            -70.3442343976,
            44.2309821424
          ],
          [
            -70.3442479366,
            44.231113262
          ],
          [
            -70.3442613956,
            44.2312443858
          ],
          [
            -70.3442615357,
            44.2312449642
          ],
          [
            -70.3442615962,
            44.2312455496
          ],
          [
            -70.344293057,
            44.2313750897
          ],
          [
            -70.3443244389,
            44.2315046395
          ],
          [
            -70.3443246577,
            44.2315052054
          ],
          [
            -70.3443247981,
            44.2315057837
          ],
          [
            -70.344373878,
            44.2316324967
          ],
          [
            -70.3444228807,
            44.231759225
          ],
          [
            -70.3444231761,
            44.2317597727
          ],
          [
            -70.3444233952,
            44.2317603385
          ],
          [
            -70.3444896216,
            44.231883004
          ],
          [
            -70.3445557734,
            44.2320056901
          ],
          [
            -70.3445561425,
            44.2320062146
          ],
          [
            -70.3445564382,
            44.2320067623
          ],
          [
            -70.3446391735,
            44.232124199
          ],
          [
            -70.3447218375,
            44.2322416614
          ],
          [
            -70.3447222768,
            44.2322421574
          ],
          [
            -70.3447226462,
            44.2322426818
          ],
          [
            -70.3448210938,
            44.2323537586
          ],
          [
            -70.344919474,
            44.232464866
          ],
          [
            -70.3449199792,
            44.2324653289
          ],
          [
            -70.3449204187,
            44.2324658249
          ],
          [
            -70.3450336306,
            44.232569472
          ],
          [
            -70.3451467796,
            44.2326731543
          ],
          [
            -70.3451473458,
            44.2326735796
          ],
          [
            -70.3451478513,
            44.2326740423
          ],
          [
            -70.3452747372,
            44.2327692615
          ],
          [
            -70.3454015654,
            44.2328645201
          ],
          [
            -70.3454021873,
            44.2328649037
          ],
          [
            -70.3454027538,
            44.2328653288
          ],
          [
            -70.3455420918,
            44.232951203
          ],
          [
            -70.3456813777,
            44.2330371203
          ],
          [
            -70.3456820492,
            44.2330374585
          ],
          [
            -70.3456826713,
            44.2330378419
          ],
          [
            -70.3458331194,
            44.2331135439
          ],
          [
            -70.3459835217,
            44.2331892926
          ],
          [
            -70.3459842364,
            44.2331895821
          ],
          [
            -70.3459849081,
            44.2331899201
          ],
          [
            -70.3461450174,
            44.2332547208
          ],
          [
            -70.3463050874,
            44.2333195712
          ],
          [
            -70.3463058384,
            44.2333198093
          ],
          [
            -70.3463065532,
            44.2333200986
          ],
          [
            -70.3464747816,
            44.2333733739
          ],
          [
            -70.3466429778,
            44.2334267014
          ],
          [
            -70.3466437578,
            44.2334268857
          ],
          [
            -70.3466445089,
            44.2334271236
          ],
          [
            -70.3468192362,
            44.2334683603
          ],
          [
            -70.3469939385,
            44.2335096512
          ],
          [
            -70.34699474,
            44.2335097801
          ],
          [
            -70.3469955202,
            44.2335099642
          ],
          [
            -70.3471750634,
            44.2335387652
          ],
          [
            -70.3473545892,
            44.2335676219
          ],
          [
            -70.3473554046,
            44.233567694
          ],
          [
            -70.3473562062,
            44.2335678225
          ],
          [
            -70.3475388362,
            44.2335839104
          ],
          [
            -70.3477214563,
            44.2336000549
          ],
          [
            -70.3477222777,
            44.2336000695
          ],
          [
            -70.3477230931,
            44.2336001413
          ],
          [
            -70.3479070507,
            44.2336033611
          ],
          [
            -70.3480910063,
            44.2336066379
          ],
          [
            -70.3480918257,
            44.2336065949
          ],
          [
            -70.348092647,
            44.2336066093
          ],
          [
            -70.3482761604,
            44.23359693
          ],
          [
            -70.3484596797,
            44.2335873075
          ],
          [
            -70.3484604892,
            44.2335872074
          ],
          [
            -70.3484613086,
            44.2335871641
          ],
          [
            -70.3486426103,
            44.2335646789
          ],
          [
            -70.3488239256,
            44.2335422499
          ],
          [
            -70.3488247175,
            44.2335420935
          ],
          [
            -70.348825527,
            44.2335419931
          ],
          [
            -70.3490028708,
            44.2335069186
          ],
          [
            -70.3491802358,
            44.233471899
          ],
          [
            -70.3491810024,
            44.233471688
          ],
          [
            -70.3491817942,
            44.2334715314
          ],
          [
            -70.349353472,
            44.2334242053
          ],
          [
            -70.3495251783,
            44.2333769325
          ],
          [
            -70.3495259123,
            44.2333766688
          ],
          [
            -70.3495266788,
            44.2333764575
          ],
          [
            -70.349691037,
            44.2333173358
          ],
          [
            -70.349855431,
            44.2332582651
          ],
          [
            -70.3498561253,
            44.2332579513
          ],
          [
            -70.3498568591,
            44.2332576873
          ],
          [
            -70.3500123148,
            44.2331873394
          ],
          [
            -70.350167813,
            44.2331170398
          ],
          [
            -70.3501684609,
            44.2331166788
          ],
          [
            -70.350169155,
            44.2331163647
          ],
          [
            -70.3503142109,
            44.2330354681
          ],
          [
            -70.3504593158,
            44.2329546166
          ],
          [
            -70.3803434692,
            44.2145412209
          ],
          [
            -70.4319239815,
            44.2572443137
          ],
          [
            -70.3709783465,
            44.5480692776
          ],
          [
            -69.9728507363,
            44.6920396671
          ]
        ]
      }
    },
    {
      "type": "Feature",
      "properties": {
        "Name": "Warren",
        "Description": "",
        "feature_type": "boundary",
        "union_members": [
          "Warren",
          "+Warren"
        ]
      },
      "geometry": {
        "type": "LineString",
        "coordinates": [
          [
            -69.1000203175,
            43.7154073144
          ],
          [
            -69.133794141,
            43.7035872177
          ],
          [
            -69.1688527774,
            43.6939293244
          ],
          [
            -69.2049327158,
            43.6865060771
          ],
          [
            -69.2417631268,
            43.6813731332
          ],
          [
            -69.2790678108,
            43.678568966
          ],
          [
            -69.3165671781,
            43.6781145898
          ],
          [
            -69.3539802484,
            43.6800134093
          ],
          [
            -69.3910266576,
            43.6842511957
          ],
          [
            -69.4274286619,
            43.6907961878
          ],
          [
            -69.4629131265,
            43.6995993198
          ],
          [
            -69.4972134874,
            43.710594572
          ],
          [
            -69.5300716761,
            43.7236994451
          ],
          [
            -69.5612399938,
            43.7388155519
          ],
          [
            -69.5904829247,
            43.7558293271
          ],
          [
            -69.6175788763,
            43.7746128466
          ],
          [
            -69.6423218353,
            43.7950247548
          ],
          [
            -69.6645229275,
            43.8169112927
          ],
          [
            -69.6690403765,
            43.8222896203
          ],
          [
            -69.6691607043,
            43.8205711936
          ],
          [
            -69.7542852461,
            44.0507181696
          ],
          [
            -69.4691595555,
            44.3074663518
          ],
          [
            -69.0927200219,
            44.1978878812
          ],
          [
            -69.1045407785,
            44.1772632321
          ],
          [
            -69.1045455685,
            44.1772535419
          ],
          [
            -69.1045515642,
            44.177244201
          ],
          [
            -69.1046070986,
            44.1771290633
          ],
          [
            -69.1046638599,
            44.177014232
          ],
          [
            -69.1046672984,
            44.1770042527
          ],
          [
            -69.1046719847,
            44.1769945366
          ],
          [
            -69.1047114677,
            44.1768760614
          ],
          [
            -69.1047522137,
            44.176757805
          ],
          [
            -69.1047542676,
            44.1767476328
          ],
          [
            -69.1047575994,
            44.176737635
          ],
          [
            -69.1047806509,
            44.1766169632
          ],
          [
            -69.1048049894,
            44.1764964207
          ],
          [
            -69.104805639,
            44.1764861535
          ],
          [
            -69.1048075842,
            44.1764759704
          ],
          [
            -69.1048139824,
            44.1763542642
          ],
          [
            -69.1048216792,
            44.1762325965
          ],
          [
            -69.1048209181,
            44.1762223332
          ],
          [
            -69.104821458,
            44.1762120628
          ],
          [
            -69.1048111415,
            44.1760904943
          ],
          [
            -69.1048021227,
            44.1759688731
          ],
          [
            -69.1047999584,
            44.1759587126
          ],
          [
            -69.1047990878,
            44.1759484538
          ],
          [
            -69.1047721561,
            44.1758281938
          ],
          [
            -69.1047465086,
            44.1757077903
          ],
          [
            -69.1047429619,
            44.1756978305
          ],
          [
            -69.1047406893,
            44.1756876821
          ],
          [
            -69.104697402,
            44.1755698887
          ],
          [
            -69.1046553731,
            44.1754518625
          ],
          [
            -69.1046504782,
            44.1754421992
          ],
          [
            -69.1046468253,
            44.175432259
          ],
          [
            -69.1045875994,
            44.1753180665
          ],
          [
            -69.1045295941,
            44.1752035543
          ],
          [
            -69.1045233981,
            44.1751942806
          ],
          [
            -69.1045184002,
            44.1751846442
          ],
          [
            -69.1044438063,
            44.1750751524
          ],
          [
            -69.1043703832,
            44.1749652569
          ],
          [
            -69.1043629459,
            44.174956462
          ],
          [
            -69.1043566512,
            44.1749472224
          ],
          [
            -69.1042674077,
            44.1748434857
          ],
          [
            -69.1041792741,
            44.1747392651
          ],
          [
            -69.104170667,
            44.1747310338
          ],
          [
            -69.1041631361,
            44.1747222798
          ],
          [
            -69.1040601027,
            44.1746252972
          ],
          [
            -69.1039581075,
            44.1745277552
          ],
          [
            -69.1039484135,
            44.1745201668
          ],
          [
            -69.1039397189,
            44.1745119827
          ],
          [
            -69.1038238878,
            44.1744226881
          ],
          [
            -69.1037090133,
            44.174332764
          ],
          [
            -69.1036983258,
            44.1743258915
          ],
          [
            -69.1036885512,
            44.1743183562
          ],
          [
            -69.103561038,
            44.1742376094
          ],
          [
            -69.1034343905,
            44.1741561692
          ],
          [
            -69.1034228125,
            44.1741500788
          ],
          [
            -69.1034120521,
            44.1741432648
          ],
          [
            -69.1032740848,
            44.1740718434
          ],
          [
            -69.1031368839,
            44.1739996713
          ],
          [
            -69.1031245268,
            44.1739944217
          ],
          [
            -69.1031128842,
            44.1739883946
          ],
          [
            -69.1029657914,
            44.1739269864
          ],
          [
            -69.1028193585,
            44.1738647773
          ],
          [
            -69.1028063414,
            44.173860419
          ],
          [
            -69.1027939287,
            44.1738552369
          ],
          [
            -69.1026391269,
            44.1738044332
          ],
          [
            -69.102484872,
            44.1737527862
          ],
          [
            -69.1024713202,
            44.1737493612
          ],
          [
            -69.102458257,
            44.173745074
          ],
          [
            -69.1022972369,
            44.173705364
          ],
          [
            -69.1021366455,
            44.1736647764
          ],
          [
            -69.1021226894,
            44.1736623176
          ],
          [
            -69.1021091015,
            44.1736589666
          ],
          [
            -69.1019434137,
            44.1736307326
          ],
          [
            -69.1017780322,
            44.1736015953
          ],
          [
            -69.1017638063,
            44.1736001265
          ],
          [
            -69.1017498245,
            44.1735977439
          ],
          [
            -69.1015810645,
            44.1735812579
          ],
          [
            -69.1014124854,
            44.1735638514
          ],
          [
            -69.1013981267,
            44.1735633866
          ],
          [
            -69.1013838856,
            44.1735619954
          ],
          [
            -69.1012136784,
            44.1735574161
          ],
          [
            -69.1010435251,
            44.173551908
          ],
          [
            -69.1010291718,
            44.1735524518
          ],
          [
            -69.1010148086,
            44.1735520653
          ],
          [
            -69.1008447933,
            44.1735594368
          ],
          [
            -69.1006747042,
            44.1735658803
          ],
          [
            -69.1006604946,
            44.1735674274
          ],
          [
            -69.1006461475,
            44.1735680494
          ],
          [
            -69.1004779612,
            44.1735873007
          ],
          [
            -69.1003095742,
            44.1736056336
          ],
          [
            -69.1002956451,
            44.1736081691
          ],
          [
            -69.1002814523,
            44.1736097936
          ],
          [
            -69.1001167145,
            44.1736407393
          ],
          [
            -69.0999516511,
            44.1736707851
          ],
          [
            -69.0999381366,
            44.1736742846
          ],
          [
            -69.0999242349,
            44.173676896
          ],
          [
            -69.0997645319,
            44.1737192382
          ],
          [
            -69.0996043816,
            44.1737607076
          ],
          [
            -69.0995914118,
            44.1737651374
          ],
          [
            -69.0995779349,
            44.1737687105
          ],
          [
            -69.0994248048,
            44.1738220414
          ],
          [
            -69.0992711097,
            44.173874535
          ],
          [
            -69.0992588095,
            44.1738798525
          ],
          [
            -69.0992458873,
            44.1738843529
          ],
          [
            -69.0991008045,
            44.1739481589
          ],
          [
            -69.0989550447,
            44.1740111714
          ],
          [
            -69.0989435326,
            44.1740173253
          ],
          [
            -69.0989312895,
            44.1740227097
          ],
          [
            -69.0987956512,
            44.1740963765
          ],
          [
            -69.0986592303,
            44.1741693009
          ],
          [
            -69.0986486172,
            44.174176232
          ],
          [
            -69.0986371711,
            44.1741824485
          ],
          [
            -69.0985122834,
            44.1742652667
          ],
          [
            -69.0983865153,
            44.174347401
          ],
          [
            -69.0983769034,
            44.1743550425
          ],
          [
            -69.0983663644,
            44.1743620312
          ],
          [
            -69.0982534302,
            44.1744532033
          ],
          [
            -69.098139526,
            44.1745437564
          ],
          [
            -69.0981310078,
            44.1745520348
          ],
          [
            -69.0981214776,
            44.1745597285
          ],
          [
            -69.0980215844,
            44.1746583764
          ],
          [
            -69.0979206411,
            44.1747564765
          ],
          [
            -69.0979132987,
            44.174765312
          ],
          [
            -69.0979048689,
            44.1747736365
          ],
          [
            -69.0978189789,
            44.1748788105
          ],
          [
            -69.0977319687,
            44.1749835127
          ],
          [
            -69.0977258727,
            44.1749928202
          ],
          [
            -69.0977186247,
            44.1750016955
          ],
          [
            -69.0976475651,
            44.1751123826
          ],
          [
            -69.0975753261,
            44.1752226787
          ],
          [
            -69.0857528099,
            44.1958466235
          ],
          [
            -68.9361874277,
            44.1519111545
          ],
          [
            -68.9368386571,
            44.1517692187
          ],
          [
            -68.9306727466,
            44.144319821
          ],
          [
            -68.9301537447,
            44.1446843749
          ],
          [
            -68.9292098027,
            44.1453473978
          ],
          [
            -68.9211018276,
            44.1501234638
          ],
          [
            -68.9124433219,
            44.1543736633
          ],
          [
            -68.9033003081,
            44.158065533
          ],
          [
            -68.8937425514,
            44.1611708681
          ],
          [
            -68.8838430222,
            44.1636659409
          ],
          [
            -68.8736773347,
            44.165531684
          ],
          [
            -68.8633231624,
            44.1667538377
          ],
          [
            -68.852859638,
            44.1673230603
          ],
          [
            -68.8423667407,
            44.1672350008
          ],
          [
            -68.8319246775,
            44.1664903324
          ],
          [
            -68.8216132614,
            44.1650947471
          ],
          [
            -68.8115112941,
            44.163058912
          ],
          [
            -68.8016959559,
            44.1603983862
          ],
          [
            -68.7922422097,
            44.157133501
          ],
          [
            -68.7832222219,
            44.1532892023
          ],
          [
            -68.774704807,
            44.1488948575
          ],
          [
            -68.7667548985,
            44.1439840292
          ],
          [
            -68.7594330517,
            44.1385942158
          ],
          [
            -68.7527949811,
            44.1327665622
          ],
          [
            -68.7468911365,
            44.1265455433
          ],
          [
            -68.7417663219,
            44.1199786212
          ],
          [
            -68.7374593577,
            44.1131158811
          ],
          [
            -68.7340027914,
            44.1060096463
          ],
          [
            -68.7314226565,
            44.0987140774
          ],
          [
            -68.7297382834,
            44.0912847578
          ],
          [
            -68.728962161,
            44.0837782688
          ],
          [
            -68.7290998519,
            44.0762517578
          ],
          [
            -68.7301499607,
            44.0687625029
          ],
          [
            -68.7321041551,
            44.0613674769
          ],
          [
            -68.7349472394,
            44.0541229148
          ],
          [
            -68.7386572803,
            44.0470838869
          ],
          [
            -68.7432057825,
            44.0403038819
          ],
          [
            -68.7485579136,
            44.0338344023
          ],
          [
            -68.7546727754,
            44.0277245753
          ],
          [
            -68.7615037203,
            44.0220207823
          ],
          [
            -68.7689987097,
            44.0167663096
          ],
          [
            -68.7771007114,
            44.0120010225
          ],
          [
            -68.7857481331,
            44.0077610658
          ],
          [
            -68.7948752895,
            44.0040785924
          ],
          [
            -68.804412898,
            44.000981522
          ],
          [
            -68.8142886005,
            43.998493332
          ],
          [
            -68.8244275074,
            43.9966328816
          ],
          [
            -68.8347527591,
            43.9954142702
          ],
          [
            -68.8451861018,
            43.9948467327
          ],
          [
            -68.8556484735,
            43.9949345695
          ],
          [
            -68.8660605947,
            43.9956771151
          ],
          [
            -68.8721504764,
            43.9965013815
          ],
          [
            -68.8733889608,
            43.996668974
          ],
          [
            -68.8731165535,
            43.979783305
          ],
          [
            -68.8759645317,
            43.9527364624
          ],
          [
            -68.8820719969,
            43.9259709514
          ],
          [
            -68.8913882328,
            43.8996899524
          ],
          [
            -68.9038384261,
            43.8740927023
          ],
          [
            -68.9193243523,
            43.849373003
          ],
          [
            -68.9377252268,
            43.825717777
          ],
          [
            -68.9588987102,
            43.8033056823
          ],
          [
            -68.9826820578,
            43.7823057942
          ],
          [
            -69.0088934047,
            43.7628763635
          ],
          [
            -69.0373331732,
            43.74516366
          ],
          [
            -69.0677855922,
            43.7293009069
          ],
          [
            -69.1000203175,
            43.7154073144
          ]
        ]
      }
    },
    {
      "type": "Feature",
      "properties": {
        "Name": "Searsport",
        "Description": "",
        "feature_type": "boundary"
      },
      "geometry": {
        "type": "LineString",
        "coordinates": [
          [
            -69.0979048689,
            44.1747736365
          ],
          [
            -69.0979132987,
            44.174765312
          ],
          [
            -69.0979206411,
            44.1747564765
          ],
          [
            -69.0980215844,
            44.1746583764
          ],
          [
            -69.0981214776,
            44.1745597285
          ],
          [
            -69.0981310078,
            44.1745520348
          ],
          [
            -69.098139526,
            44.1745437564
          ],
          [
            -69.0982534302,
            44.1744532033
          ],
          [
            -69.0983663644,
            44.1743620312
          ],
          [
            -69.0983769034,
            44.1743550425
          ],
          [
            -69.0983865153,
            44.174347401
          ],
          [
            -69.0985122834,
            44.1742652667
          ],
          [
            -69.0986371711,
            44.1741824485
          ],
          [
            -69.0986486172,
            44.174176232
          ],
          [
            -69.0986592303,
            44.1741693009
          ],
          [
            -69.0987956512,
            44.1740963765
          ],
          [
            -69.0989312895,
            44.1740227097
          ],
          [
            -69.0989435326,
            44.1740173253
          ],
          [
            -69.0989550447,
            44.1740111714
          ],
          [
            -69.0991008045,
            44.1739481589
          ],
          [
            -69.0992458873,
            44.1738843529
          ],
          [
            -69.0992588095,
            44.1738798525
          ],
          [
            -69.0992711097,
            44.173874535
          ],
          [
            -69.0994248048,
            44.1738220414
          ],
          [
            -69.0995779349,
            44.1737687105
          ],
          [
            -69.0995914118,
            44.1737651374
          ],
          [
            -69.0996043816,
            44.1737607076
          ],
          [
            -69.0997645319,
            44.1737192382
          ],
          [
            -69.0999242349,
            44.173676896
          ],
          [
            -69.0999381366,
            44.1736742846
          ],
          [
            -69.0999516511,
            44.1736707851
          ],
          [
            -69.1001167145,
            44.1736407393
          ],
          [
            -69.1002814523,
            44.1736097936
          ],
          [
            -69.1002956451,
            44.1736081691
          ],
          [
            -69.1003095742,
            44.1736056336
          ],
          [
            -69.1004779612,
            44.1735873007
          ],
          [
            -69.1006461475,
            44.1735680494
          ],
          [
            -69.1006604946,
            44.1735674274
          ],
          [
            -69.1006747042,
            44.1735658803
          ],
          [
            -69.1008447933,
            44.1735594368
          ],
          [
            -69.1010148086,
            44.1735520653
          ],
          [
            -69.1010291718,
            44.1735524518
          ],
          [
            -69.1010435251,
            44.173551908
          ],
          [
            -69.1012136784,
            44.1735574161
          ],
          [
            -69.1013838856,
            44.1735619954
          ],
          [
            -69.1013981267,
            44.1735633866
          ],
          [
            -69.1014124854,
            44.1735638514
          ],
          [
            -69.1015810645,
            44.1735812579
          ],
          [
            -69.1017498245,
            44.1735977439
          ],
          [
            -69.1017638063,
            44.1736001265
          ],
          [
            -69.1017780322,
            44.1736015953
          ],
          [
            -69.1019434137,
            44.1736307326
          ],
          [
            -69.1021091015,
            44.1736589666
          ],
          [
            -69.1021226894,
            44.1736623176
          ],
          [
            -69.1021366455,
            44.1736647764
          ],
          [
            -69.1022972369,
            44.173705364
          ],
          [
            -69.102458257,
            44.173745074
          ],
          [
            -69.1024713202,
            44.1737493612
          ],
          [
            -69.102484872,
            44.1737527862
          ],
          [
            -69.1026391269,
            44.1738044332
          ],
          [
            -69.1027939287,
            44.1738552369
          ],
          [
            -69.1028063414,
            44.173860419
          ],
          [
            -69.1028193585,
            44.1738647773
          ],
          [
            -69.1029657914,
            44.1739269864
          ],
          [
            -69.1031128842,
            44.1739883946
          ],
          [
            -69.1031245268,
            44.1739944217
          ],
          [
            -69.1031368839,
            44.1739996713
          ],
          [
            -69.1032740848,
            44.1740718434
          ],
          [
            -69.1034120521,
            44.1741432648
          ],
          [
            -69.1034228125,
            44.1741500788
          ],
          [
            -69.1034343905,
            44.1741561692
          ],
          [
            -69.103561038,
            44.1742376094
          ],
          [
            -69.1036885512,
            44.1743183562
          ],
          [
            -69.1036983258,
            44.1743258915
          ],
          [
            -69.1037090133,
            44.174332764
          ],
          [
            -69.1038238878,
            44.1744226881
          ],
          [
            -69.1039397189,
            44.1745119827
          ],
          [
            -69.1039484135,
            44.1745201668
          ],
          [
            -69.1039581075,
            44.1745277552
          ],
          [
            -69.1040601027,
            44.1746252972
          ],
          [
            -69.1041631361,
            44.1747222798
          ],
          [
            -69.104170667,
            44.1747310338
          ],
          [
            -69.1041792741,
            44.1747392651
          ],
          [
            -69.1042674077,
            44.1748434857
          ],
          [
            -69.1043566512,
            44.1749472224
          ],
          [
            -69.1043629459,
            44.174956462
          ],
          [
            -69.1043703832,
            44.1749652569
          ],
          [
            -69.1044438063,
            44.1750751524
          ],
          [
            -69.1045184002,
            44.1751846442
          ],
          [
            -69.1045233981,
            44.1751942806
          ],
          [
            -69.1045295941,
            44.1752035543
          ],
          [
            -69.1045875994,
            44.1753180665
          ],
          [
            -69.1046468253,
            44.175432259
          ],
          [
            -69.1046504782,
            44.1754421992
          ],
          [
            -69.1046553731,
            44.1754518625
          ],
          [
            -69.104697402,
            44.1755698887
          ],
          [
            -69.1047406893,
            44.1756876821
          ],
          [
            -69.1047429619,
            44.1756978305
          ],
          [
            -69.1047465086,
            44.1757077903
          ],
          [
            -69.1047721561,
            44.1758281938
          ],
          [
            -69.1047990878,
            44.1759484538
          ],
          [
            -69.1047999584,
            44.1759587126
          ],
          [
            -69.1048021227,
            44.1759688731
          ],
          [
            -69.1048111415,
            44.1760904943
          ],
          [
            -69.104821458,
            44.1762120628
          ],
          [
            -69.1048209181,
            44.1762223332
          ],
          [
            -69.1048216792,
            44.1762325965
          ],
          [
            -69.1048139824,
            44.1763542642
          ],
          [
            -69.1048075842,
            44.1764759704
          ],
          [
            -69.104805639,
            44.1764861535
          ],
          [
            -69.1048049894,
            44.1764964207
          ],
          [
            -69.1047806509,
            44.1766169632
          ],
          [
            -69.1047575994,
            44.176737635
          ],
          [
            -69.1047542676,
            44.1767476328
          ],
          [
            -69.1047522137,
            44.176757805
          ],
          [
            -69.1047114677,
            44.1768760614
          ],
          [
            -69.1046719847,
            44.1769945366
          ],
          [
            -69.1046672984,
            44.1770042527
          ],
          [
            -69.1046638599,
            44.177014232
          ],
          [
            -69.1046070986,
            44.1771290633
          ],
          [
            -69.1045515642,
            44.177244201
          ],
          [
            -69.1045455685,
            44.1772535419
          ],
          [
            -69.1045407785,
            44.1772632321
          ],
          [
            -69.0927200219,
            44.1978878812
          ],
          [
            -69.4691595555,
            44.3074663518
          ],
          [
            -69.500453303,
            44.5081957302
          ],
          [
            -69.1483430643,
            44.7429241686
          ],
          [
            -68.6975132456,
            44.6350724503
          ],
          [
            -68.6898840425,
            44.5991840278
          ],
          [
            -68.6898840425,
            44.5991840278
          ],
          [
            -68.6918079304,
            44.5989772514
          ],
          [
            -68.6919072919,
            44.5989629939
          ],
          [
            -68.6920074491,
            44.598951905
          ],
          [
            -68.6920893442,
            44.5989368709
          ],
          [
            -68.6921722529,
            44.598924974
          ],
          [
            -68.6922691708,
            44.5989038585
          ],
          [
            -68.6923673173,
            44.5988858408
          ],
          [
            -68.6924467459,
            44.5988651699
          ],
          [
            -68.6925276156,
            44.5988475506
          ],
          [
            -68.6926211564,
            44.5988197804
          ],
          [
            -68.6927163468,
            44.5987950074
          ],
          [
            -68.6927925439,
            44.5987688989
          ],
          [
            -68.6928705957,
            44.5987457268
          ],
          [
            -68.6929598585,
            44.5987115694
          ],
          [
            -68.693051176,
            44.5986802797
          ],
          [
            -68.6931234077,
            44.5986489851
          ],
          [
            -68.6931978898,
            44.5986204834
          ],
          [
            -68.6932820149,
            44.5985802677
          ],
          [
            -68.6933685801,
            44.5985427627
          ],
          [
            -68.6934361506,
            44.5985065834
          ],
          [
            -68.6935063457,
            44.5984730266
          ],
          [
            -68.6935845228,
            44.59842714
          ],
          [
            -68.693665502,
            44.598383781
          ],
          [
            -68.6937277606,
            44.5983430654
          ],
          [
            -68.6937929926,
            44.5983047768
          ],
          [
            -68.6938644689,
            44.5982536613
          ],
          [
            -68.6939390821,
            44.5982048658
          ],
          [
            -68.6939954293,
            44.5981600061
          ],
          [
            -68.69405507,
            44.5981173544
          ],
          [
            -68.6941191571,
            44.5980615022
          ],
          [
            -68.6941866856,
            44.5980077403
          ],
          [
            -68.6942365787,
            44.5979591685
          ],
          [
            -68.6942900537,
            44.5979125645
          ],
          [
            -68.6943461344,
            44.5978525137
          ],
          [
            -68.6944059281,
            44.5977943032
          ],
          [
            -68.6944488866,
            44.5977424871
          ],
          [
            -68.694495681,
            44.5976923797
          ],
          [
            -68.6945432153,
            44.5976287086
          ],
          [
            -68.6945946983,
            44.59756661
          ],
          [
            -68.6946303085,
            44.5975120488
          ],
          [
            -68.6946699716,
            44.5974589205
          ],
          [
            -68.6947085017,
            44.5973922423
          ],
          [
            -68.6947511783,
            44.5973268538
          ],
          [
            -68.6947790974,
            44.5972700728
          ],
          [
            -68.6948112473,
            44.5972144355
          ],
          [
            -68.6948404023,
            44.5971453924
          ],
          [
            -68.6948738615,
            44.5970773437
          ],
          [
            -68.6948938206,
            44.5970188899
          ],
          [
            -68.6949181479,
            44.5969612792
          ],
          [
            -68.694937647,
            44.5968905361
          ],
          [
            -68.6949615668,
            44.5968204826
          ],
          [
            -68.6949733738,
            44.596760919
          ],
          [
            -68.6949896441,
            44.5967018898
          ],
          [
            -68.6949992998,
            44.5966301281
          ],
          [
            -68.6950134497,
            44.5965587445
          ],
          [
            -68.695016991,
            44.5964986446
          ],
          [
            -68.6950250478,
            44.5964387655
          ],
          [
            -68.6950247671,
            44.5963666763
          ],
          [
            -68.6950290112,
            44.59629465
          ],
          [
            -68.6950242528,
            44.5962345927
          ],
          [
            -68.6950240185,
            44.5961744403
          ],
          [
            -68.6950138043,
            44.5961027178
          ],
          [
            -68.6950081017,
            44.5960307425
          ],
          [
            -68.6949950895,
            44.5959713061
          ],
          [
            -68.6949865666,
            44.5959114598
          ],
          [
            -68.6949665172,
            44.5958407947
          ],
          [
            -68.694950923,
            44.5957695636
          ],
          [
            -68.6949297824,
            44.5957113206
          ],
          [
            -68.694913053,
            44.5956523566
          ],
          [
            -68.6948833618,
            44.5955834295
          ],
          [
            -68.6948580262,
            44.5955136286
          ],
          [
            -68.694828961,
            44.5954571397
          ],
          [
            -68.6948041863,
            44.5953996259
          ],
          [
            -68.6947651392,
            44.5953331006
          ],
          [
            -68.6947303064,
            44.595265402
          ],
          [
            -68.6946935964,
            44.5952112114
          ],
          [
            -68.6946610151,
            44.5951557016
          ],
          [
            -68.6946129883,
            44.5950922188
          ],
          [
            -68.6945689938,
            44.5950272744
          ],
          [
            -68.6945249927,
            44.5949759039
          ],
          [
            -68.6944849186,
            44.5949229327
          ],
          [
            -68.6944283747,
            44.5948631036
          ],
          [
            -68.6943756423,
            44.5948015389
          ],
          [
            -68.6943247739,
            44.5947534832
          ],
          [
            -68.694277593,
            44.5947035608
          ],
          [
            -68.6942130766,
            44.5946479615
          ],
          [
            -68.6941521141,
            44.5945903694
          ],
          [
            -68.6940948683,
            44.5945460912
          ],
          [
            -68.694041035,
            44.5944996982
          ],
          [
            -68.6939691675,
            44.5944488643
          ],
          [
            -68.693900562,
            44.5943957993
          ],
          [
            -68.6938374902,
            44.594355725
          ],
          [
            -68.693777523,
            44.5943133083
          ],
          [
            -68.6936989964,
            44.5942677292
          ],
          [
            -68.6936234087,
            44.5942197023
          ],
          [
            -68.6935551183,
            44.5941842179
          ],
          [
            -68.6934895946,
            44.5941461858
          ],
          [
            -68.6934051652,
            44.5941063004
          ],
          [
            -68.6933233233,
            44.5940637741
          ],
          [
            -68.6932504718,
            44.5940332212
          ],
          [
            -68.6931800228,
            44.59399994
          ],
          [
            -68.6930905036,
            44.5939661324
          ],
          [
            -68.6930031956,
            44.5939295163
          ],
          [
            -68.6929264847,
            44.5939041891
          ],
          [
            -68.6928517887,
            44.5938759793
          ],
          [
            -68.6927580418,
            44.593848575
          ],
          [
            -68.6926661084,
            44.5938182216
          ],
          [
            -68.6925862767,
            44.593798364
          ],
          [
            -68.692508053,
            44.5937754973
          ],
          [
            -68.6924109813,
            44.5937547602
          ],
          [
            -68.6923153078,
            44.5937309618
          ],
          [
            -68.6922331241,
            44.593716765
          ],
          [
            -68.692152126,
            44.5936994615
          ],
          [
            -68.6920526641,
            44.5936855913
          ],
          [
            -68.6919541718,
            44.5936685771
          ],
          [
            -68.6918704275,
            44.5936601778
          ],
          [
            -68.691787435,
            44.5936486042
          ],
          [
            -68.6916865406,
            44.5936417344
          ],
          [
            -68.691586178,
            44.5936316682
          ],
          [
            -68.6915016796,
            44.5936291473
          ],
          [
            -68.6914174917,
            44.5936234149
          ],
          [
            -68.6913161365,
            44.5936236118
          ],
          [
            -68.69121487,
            44.5936205905
          ],
          [
            -68.691130431,
            44.5936239723
          ],
          [
            -68.6910458586,
            44.5936241364
          ],
          [
            -68.6909483665,
            44.5936311569
          ],
          [
            -68.6908536155,
            44.5935578634
          ],
          [
            -68.6905764736,
            44.5933817604
          ],
          [
            -68.6902763989,
            44.5932258257
          ],
          [
            -68.6899562812,
            44.5930915608
          ],
          [
            -68.6896192032,
            44.5929802587
          ],
          [
            -68.6892684109,
            44.592892991
          ],
          [
            -68.6889072822,
            44.5928305982
          ],
          [
            -68.6885392946,
            44.5927936809
          ],
          [
            -68.6885262893,
            44.5927932926
          ],
          [
            -68.6502962168,
            44.4123834369
          ],
          [
            -68.650453587,
            44.4127075379
          ],
          [
            -68.6515256582,
            44.3994341515
          ],
          [
            -68.656616578,
            44.3744958471
          ],
          [
            -68.6647233838,
            44.3499690575
          ],
          [
            -68.6757808526,
            44.3260398142
          ],
          [
            -68.6897016728,
            44.3028893933
          ],
          [
            -68.7063772023,
            44.2806929609
          ],
          [
            -68.7256783755,
            44.2596182724
          ],
          [
            -68.7474567478,
            44.2398244309
          ],
          [
            -68.7715456709,
            44.2214607157
          ],
          [
            -68.7977615851,
            44.2046654873
          ],
          [
            -68.8259054222,
            44.1895651766
          ],
          [
            -68.8557641049,
            44.1762733646
          ],
          [
            -68.8871121338,
            44.1648899578
          ],
          [
            -68.9197132501,
            44.1555004654
          ],
          [
            -68.9361874277,
            44.1519111545
          ],
          [
            -69.0857528099,
            44.1958466235
          ],
          [
            -69.0975753261,
            44.1752226787
          ],
          [
            -69.0976475651,
            44.1751123826
          ],
          [
            -69.0977186247,
            44.1750016955
          ],
          [
            -69.0977258727,
            44.1749928202
          ],
          [
            -69.0977319687,
            44.1749835127
          ],
          [
            -69.0978189789,
            44.1748788105
          ],
          [
            -69.0979048689,
            44.1747736365
          ]
        ]
      }
    },
    {
      "type": "Feature",
      "properties": {
        "Name": "Orono",
        "Description": "",
        "feature_type": "boundary"
      },
      "geometry": {
        "type": "LineString",
        "coordinates": [
          [
            -69.1483430643,
            44.7429241686
          ],
          [
            -69.2433366363,
            45.0526344078
          ],
          [
            -68.9609543058,
            45.2537451137
          ],
          [
            -68.403405008,
            45.1177898971
          ],
          [
            -68.3441517272,
            44.8517171351
          ],
          [
            -68.6975132456,
            44.6350724503
          ],
          [
            -69.1483430643,
            44.7429241686
          ]
        ]
      }
    },
    {
      "type": "Feature",
      "properties": {
        "Name": "Lincoln",
        "Description": "",
        "feature_type": "boundary"
      },
      "geometry": {
        "type": "LineString",
        "coordinates": [
          [
            -68.5746306834,
            45.7168692229
          ],
          [
            -68.5384044661,
            45.7158327461
          ],
          [
            -68.5024489554,
            45.712584406
          ],
          [
            -68.4670419518,
            45.7071493079
          ],
          [
            -68.4595082368,
            45.7054990649
          ],
          [
            -68.4595526792,
            45.7065756816
          ],
          [
            -68.1246828064,
            45.3907815119
          ],
          [
            -68.403405008,
            45.1177898971
          ],
          [
            -68.9609543058,
            45.2537451137
          ],
          [
            -68.9864000466,
            45.415385039
          ],
          [
            -68.9860885459,
            45.4144060394
          ],
          [
            -68.9868775858,
            45.4251344635
          ],
          [
            -68.9855902741,
            45.4504331135
          ],
          [
            -68.9811622646,
            45.4755566567
          ],
          [
            -68.9736231511,
            45.5003135248
          ],
          [
            -68.9630264366,
            45.5245146949
          ],
          [
            -68.9494492457,
            45.5479751456
          ],
          [
            -68.9329918468,
            45.5705152899
          ],
          [
            -68.9137769844,
            45.5919623729
          ],
          [
            -68.8919490243,
            45.6121518237
          ],
          [
            -68.8676729143,
            45.6309285478
          ],
          [
            -68.8411329672,
            45.6481481522
          ],
          [
            -68.812531474,
            45.6636780898
          ],
          [
            -68.7820871572,
            45.6773987137
          ],
          [
            -68.7500334751,
            45.689204233
          ],
          [
            -68.7166575147,
            45.6989930643
          ],
          [
            -68.6821363203,
            45.706713078
          ],
          [
            -68.6467753556,
            45.7122916995
          ],
          [
            -68.6108476179,
            45.715685825
          ],
          [
            -68.5746306834,
            45.7168692229
          ]
        ]
      }
    },
    {
      "type": "Feature",
      "properties": {
        "Name": "Ellsworth",
        "Description": "",
        "feature_type": "boundary"
      },
      "geometry": {
        "type": "LineString",
        "coordinates": [
          [
            -68.6896192032,
            44.5929802587
          ],
          [
            -68.6899562812,
            44.5930915608
          ],
          [
            -68.6902763989,
            44.5932258257
          ],
          [
            -68.6905764736,
            44.5933817604
          ],
          [
            -68.6908536155,
            44.5935578634
          ],
          [
            -68.6909483665,
            44.5936311569
          ],
          [
            -68.6910458586,
            44.5936241364
          ],
          [
            -68.691130431,
            44.5936239723
          ],
          [
            -68.69121487,
            44.5936205905
          ],
          [
            -68.6913161365,
            44.5936236118
          ],
          [
            -68.6914174917,
            44.5936234149
          ],
          [
            -68.6915016796,
            44.5936291473
          ],
          [
            -68.691586178,
            44.5936316682
          ],
          [
            -68.6916865406,
            44.5936417344
          ],
          [
            -68.691787435,
            44.5936486042
          ],
          [
            -68.6918704275,
            44.5936601778
          ],
          [
            -68.6919541718,
            44.5936685771
          ],
          [
            -68.6920526641,
            44.5936855913
          ],
          [
            -68.692152126,
            44.5936994615
          ],
          [
            -68.6922331241,
            44.593716765
          ],
          [
            -68.6923153078,
            44.5937309618
          ],
          [
            -68.6924109813,
            44.5937547602
          ],
          [
            -68.692508053,
            44.5937754973
          ],
          [
            -68.6925862767,
            44.593798364
          ],
          [
            -68.6926661084,
            44.5938182216
          ],
          [
            -68.6927580418,
            44.593848575
          ],
          [
            -68.6928517887,
            44.5938759793
          ],
          [
            -68.6929264847,
            44.5939041891
          ],
          [
            -68.6930031956,
            44.5939295163
          ],
          [
            -68.6930905036,
            44.5939661324
          ],
          [
            -68.6931800228,
            44.59399994
          ],
          [
            -68.6932504718,
            44.5940332212
          ],
          [
            -68.6933233233,
            44.5940637741
          ],
          [
            -68.6934051652,
            44.5941063004
          ],
          [
            -68.6934895946,
            44.5941461858
          ],
          [
            -68.6935551183,
            44.5941842179
          ],
          [
            -68.6936234087,
            44.5942197023
          ],
          [
            -68.6936989964,
            44.5942677292
          ],
          [
            -68.693777523,
            44.5943133083
          ],
          [
            -68.6938374902,
            44.594355725
          ],
          [
            -68.693900562,
            44.5943957993
          ],
          [
            -68.6939691675,
            44.5944488643
          ],
          [
            -68.694041035,
            44.5944996982
          ],
          [
            -68.6940948683,
            44.5945460912
          ],
          [
            -68.6941521141,
            44.5945903694
          ],
          [
            -68.6942130766,
            44.5946479615
          ],
          [
            -68.694277593,
            44.5947035608
          ],
          [
            -68.6943247739,
            44.5947534832
          ],
          [
            -68.6943756423,
            44.5948015389
          ],
          [
            -68.6944283747,
            44.5948631036
          ],
          [
            -68.6944849186,
            44.5949229327
          ],
          [
            -68.6945249927,
            44.5949759039
          ],
          [
            -68.6945689938,
            44.5950272744
          ],
          [
            -68.6946129883,
            44.5950922188
          ],
          [
            -68.6946610151,
            44.5951557016
          ],
          [
            -68.6946935964,
            44.5952112114
          ],
          [
            -68.6947303064,
            44.595265402
          ],
          [
            -68.6947651392,
            44.5953331006
          ],
          [
            -68.6948041863,
            44.5953996259
          ],
          [
            -68.694828961,
            44.5954571397
          ],
          [
            -68.6948580262,
            44.5955136286
          ],
          [
            -68.6948833618,
            44.5955834295
          ],
          [
            -68.694913053,
            44.5956523566
          ],
          [
            -68.6949297824,
            44.5957113206
          ],
          [
            -68.694950923,
            44.5957695636
          ],
          [
            -68.6949665172,
            44.5958407947
          ],
          [
            -68.6949865666,
            44.5959114598
          ],
          [
            -68.6949950895,
            44.5959713061
          ],
          [
            -68.6950081017,
            44.5960307425
          ],
          [
            -68.6950138043,
            44.5961027178
          ],
          [
            -68.6950240185,
            44.5961744403
          ],
          [
            -68.6950242528,
            44.5962345927
          ],
          [
            -68.6950290112,
            44.59629465
          ],
          [
            -68.6950247671,
            44.5963666763
          ],
          [
            -68.6950250478,
            44.5964387655
          ],
          [
            -68.695016991,
            44.5964986446
          ],
          [
            -68.6950134497,
            44.5965587445
          ],
          [
            -68.6949992998,
            44.5966301281
          ],
          [
            -68.6949896441,
            44.5967018898
          ],
          [
            -68.6949733738,
            44.596760919
          ],
          [
            -68.6949615668,
            44.5968204826
          ],
          [
            -68.694937647,
            44.5968905361
          ],
          [
            -68.6949181479,
            44.5969612792
          ],
          [
            -68.6948938206,
            44.5970188899
          ],
          [
            -68.6948738615,
            44.5970773437
          ],
          [
            -68.6948404023,
            44.5971453924
          ],
          [
            -68.6948112473,
            44.5972144355
          ],
          [
            -68.6947790974,
            44.5972700728
          ],
          [
            -68.6947511783,
            44.5973268538
          ],
          [
            -68.6947085017,
            44.5973922423
          ],
          [
            -68.6946699716,
            44.5974589205
          ],
          [
            -68.6946303085,
            44.5975120488
          ],
          [
            -68.6945946983,
            44.59756661
          ],
          [
            -68.6945432153,
            44.5976287086
          ],
          [
            -68.694495681,
            44.5976923797
          ],
          [
            -68.6944488866,
            44.5977424871
          ],
          [
            -68.6944059281,
            44.5977943032
          ],
          [
            -68.6943461344,
            44.5978525137
          ],
          [
            -68.6942900537,
            44.5979125645
          ],
          [
            -68.6942365787,
            44.5979591685
          ],
          [
            -68.6941866856,
            44.5980077403
          ],
          [
            -68.6941191571,
            44.5980615022
          ],
          [
            -68.69405507,
            44.5981173544
          ],
          [
            -68.6939954293,
            44.5981600061
          ],
          [
            -68.6939390821,
            44.5982048658
          ],
          [
            -68.6938644689,
            44.5982536613
          ],
          [
            -68.6937929926,
            44.5983047768
          ],
          [
            -68.6937277606,
            44.5983430654
          ],
          [
            -68.693665502,
            44.598383781
          ],
          [
            -68.6935845228,
            44.59842714
          ],
          [
            -68.6935063457,
            44.5984730266
          ],
          [
            -68.6934361506,
            44.5985065834
          ],
          [
            -68.6933685801,
            44.5985427627
          ],
          [
            -68.6932820149,
            44.5985802677
          ],
          [
            -68.6931978898,
            44.5986204834
          ],
          [
            -68.6931234077,
            44.5986489851
          ],
          [
            -68.693051176,
            44.5986802797
          ],
          [
            -68.6929598585,
            44.5987115694
          ],
          [
            -68.6928705957,
            44.5987457268
          ],
          [
            -68.6927925439,
            44.5987688989
          ],
          [
            -68.6927163468,
            44.5987950074
          ],
          [
            -68.6926211564,
            44.5988197804
          ],
          [
            -68.6925276156,
            44.5988475506
          ],
          [
            -68.6924467459,
            44.5988651699
          ],
          [
            -68.6923673173,
            44.5988858408
          ],
          [
            -68.6922691708,
            44.5989038585
          ],
          [
            -68.6921722529,
            44.598924974
          ],
          [
            -68.6920893442,
            44.5989368709
          ],
          [
            -68.6920074491,
            44.598951905
          ],
          [
            -68.6919072919,
            44.5989629939
          ],
          [
            -68.6918079304,
            44.5989772514
          ],
          [
            -68.6898840425,
            44.5991840278
          ],
          [
            -68.6898840425,
            44.5991840278
          ],
          [
            -68.6975132456,
            44.6350724503
          ],
          [
            -68.3441517272,
            44.8517171351
          ],
          [
            -67.9590699458,
            44.7033556359
          ],
          [
            -67.8633192556,
            44.5089942836
          ],
          [
            -67.8634371254,
            44.5091068609
          ],
          [
            -67.86399443,
            44.4931076659
          ],
          [
            -67.8679573558,
            44.4679849973
          ],
          [
            -67.8749686791,
            44.4432040196
          ],
          [
            -67.8849713653,
            44.4189527731
          ],
          [
            -67.8978859467,
            44.3954150482
          ],
          [
            -67.9136112275,
            44.3727690109
          ],
          [
            -67.9320251401,
            44.3511858761
          ],
          [
            -67.9529857435,
            44.33082864
          ],
          [
            -67.9763323566,
            44.3118508773
          ],
          [
            -68.0018868135,
            44.2943956136
          ],
          [
            -68.0294548323,
            44.2785942792
          ],
          [
            -68.0588274857,
            44.2645657514
          ],
          [
            -68.0897827637,
            44.2524154909
          ],
          [
            -68.1220872154,
            44.2422347782
          ],
          [
            -68.1554976618,
            44.2341000545
          ],
          [
            -68.1897629653,
            44.2280723706
          ],
          [
            -68.2246258474,
            44.2241969481
          ],
          [
            -68.2598247422,
            44.2225028544
          ],
          [
            -68.2950956749,
            44.2230027941
          ],
          [
            -68.3301741545,
            44.2256930181
          ],
          [
            -68.3647970694,
            44.2305533503
          ],
          [
            -68.3987045747,
            44.2375473325
          ],
          [
            -68.4316419613,
            44.2466224859
          ],
          [
            -68.4633614936,
            44.2577106882
          ],
          [
            -68.4936242075,
            44.2707286643
          ],
          [
            -68.5222016549,
            44.2855785866
          ],
          [
            -68.5488775856,
            44.3021487826
          ],
          [
            -68.5734495546,
            44.3203145442
          ],
          [
            -68.5957304442,
            44.3399390356
          ],
          [
            -68.6155498893,
            44.3608742911
          ],
          [
            -68.6327555963,
            44.3829623004
          ],
          [
            -68.6472145436,
            44.4060361705
          ],
          [
            -68.6502962168,
            44.4123834369
          ],
          [
            -68.6885262893,
            44.5927932926
          ],
          [
            -68.6885392946,
            44.5927936809
          ],
          [
            -68.6889072822,
            44.5928305982
          ],
          [
            -68.6892684109,
            44.592892991
          ],
          [
            -68.6896192032,
            44.5929802587
          ]
        ]
      }
    },
    {
      "type": "Feature",
      "properties": {
        "Name": "Machias",
        "Description": "",
        "feature_type": "boundary"
      },
      "geometry": {
        "type": "LineString",
        "coordinates": [
          [
            -66.9993968049,
            44.8913122083
          ],
          [
            -66.9797525451,
            44.862939528
          ],
          [
            -66.9636898495,
            44.8334590878
          ],
          [
            -66.9513262074,
            44.8030967692
          ],
          [
            -66.9427502965,
            44.7720848483
          ],
          [
            -66.938022386,
            44.7406704911
          ],
          [
            -66.9371691621,
            44.7090727454
          ],
          [
            -66.940192955,
            44.6775423724
          ],
          [
            -66.947064491,
            44.646319025
          ],
          [
            -66.957725476,
            44.6156396389
          ],
          [
            -66.9720892196,
            44.585736652
          ],
          [
            -66.9900414597,
            44.556836268
          ],
          [
            -67.0114413784,
            44.5291567778
          ],
          [
            -67.0361227963,
            44.5029069489
          ],
          [
            -67.0638955333,
            44.4782844943
          ],
          [
            -67.0945469216,
            44.45547463
          ],
          [
            -67.1278434599,
            44.4346487309
          ],
          [
            -67.1635325934,
            44.4159630934
          ],
          [
            -67.2013446073,
            44.3995578116
          ],
          [
            -67.2409946204,
            44.3855557737
          ],
          [
            -67.2821846647,
            44.3740617858
          ],
          [
            -67.3246058389,
            44.3651618256
          ],
          [
            -67.3679405225,
            44.3589224329
          ],
          [
            -67.4118646368,
            44.3553902383
          ],
          [
            -67.4560499419,
            44.3545916332
          ],
          [
            -67.5001663548,
            44.3565325841
          ],
          [
            -67.5438842787,
            44.3611985899
          ],
          [
            -67.5868769289,
            44.3685547843
          ],
          [
            -67.6288226434,
            44.3785461826
          ],
          [
            -67.669407167,
            44.3910980701
          ],
          [
            -67.7083258938,
            44.4061165321
          ],
          [
            -67.7452860575,
            44.4234891203
          ],
          [
            -67.7800088563,
            44.4430856542
          ],
          [
            -67.8122314975,
            44.4647591514
          ],
          [
            -67.8417091514,
            44.4883468812
          ],
          [
            -67.8633192556,
            44.5089942836
          ],
          [
            -67.9590699458,
            44.7033556359
          ],
          [
            -67.3388040268,
            45.0706953833
          ],
          [
            -67.3388015763,
            45.0706425623
          ],
          [
            -67.3050758834,
            45.064866185
          ],
          [
            -67.2626865489,
            45.0547551548
          ],
          [
            -67.2217234691,
            45.0420580789
          ],
          [
            -67.1825027578,
            45.0268732747
          ],
          [
            -67.1453263624,
            45.0093182365
          ],
          [
            -67.1104796611,
            44.9895286803
          ],
          [
            -67.0782292175,
            44.9676574459
          ],
          [
            -67.0488207131,
            44.9438732648
          ],
          [
            -67.0224770739,
            44.9183594051
          ],
          [
            -66.9993968049,
            44.8913122083
          ]
        ]
      }
    },
    {
      "type": "Feature",
      "properties": {
        "Name": "Princeton",
        "Description": "",
        "feature_type": "boundary"
      },
      "geometry": {
        "type": "LineString",
        "coordinates": [
          [
            -67.553034723,
            45.3538353922
          ],
          [
            -67.5176442198,
            45.3344127286
          ],
          [
            -67.4848216929,
            45.3128862898
          ],
          [
            -67.4548173658,
            45.2894222044
          ],
          [
            -67.4278588676,
            45.2642013373
          ],
          [
            -67.4041495269,
            45.2374178427
          ],
          [
            -67.3838668855,
            45.2092776194
          ],
          [
            -67.3671614405,
            45.1799966805
          ],
          [
            -67.3541556213,
            45.1497994546
          ],
          [
            -67.3449430063,
            45.1189170294
          ],
          [
            -67.3395877785,
            45.0875853562
          ],
          [
            -67.3388040268,
            45.0706953833
          ],
          [
            -67.9590699458,
            44.7033556359
          ],
          [
            -68.3441517272,
            44.8517171351
          ],
          [
            -68.403405008,
            45.1177898971
          ],
          [
            -68.1246828064,
            45.3907815119
          ],
          [
            -67.9098853932,
            45.417869965
          ],
          [
            -67.9103940568,
            45.4177658401
          ],
          [
            -67.8928021706,
            45.4193428503
          ],
          [
            -67.8478752416,
            45.4205841791
          ],
          [
            -67.8029664604,
            45.4190547885
          ],
          [
            -67.7584241571,
            45.4147665426
          ],
          [
            -67.7145936581,
            45.4077527016
          ],
          [
            -67.6718144612,
            45.3980676493
          ],
          [
            -67.6304174673,
            45.3857864476
          ],
          [
            -67.5907222981,
            45.3710042233
          ],
          [
            -67.553034723,
            45.3538353922
          ]
        ]
      }
    },
    {
      "type": "Feature",
      "properties": {
        "Name": "Danforth",
        "Description": "",
        "feature_type": "boundary"
      },
      "geometry": {
        "type": "LineString",
        "coordinates": [
          [
            -67.8870276134,
            46.0138298078
          ],
          [
            -67.8562070555,
            46.0065575871
          ],
          [
            -67.8206422658,
            45.9956673345
          ],
          [
            -67.7865947375,
            45.9826549984
          ],
          [
            -67.7543262407,
            45.9676210715
          ],
          [
            -67.7240842299,
            45.95068157
          ],
          [
            -67.6960999046,
            45.9319671013
          ],
          [
            -67.67058642,
            45.9116218178
          ],
          [
            -67.6477372619,
            45.889802267
          ],
          [
            -67.6277247978,
            45.8666761479
          ],
          [
            -67.6106990155,
            45.8424209846
          ],
          [
            -67.596786455,
            45.8172227293
          ],
          [
            -67.5860893417,
            45.7912743062
          ],
          [
            -67.5786849223,
            45.7647741089
          ],
          [
            -67.5746250059,
            45.7379244638
          ],
          [
            -67.5739357103,
            45.7109300714
          ],
          [
            -67.5766174085,
            45.6839964388
          ],
          [
            -67.5826448751,
            45.6573283152
          ],
          [
            -67.591967623,
            45.6311281409
          ],
          [
            -67.604510427,
            45.6055945243
          ],
          [
            -67.6201740232,
            45.5809207551
          ],
          [
            -67.6388359776,
            45.5572933649
          ],
          [
            -67.6603517126,
            45.5348907467
          ],
          [
            -67.684555681,
            45.5138818405
          ],
          [
            -67.7112626777,
            45.4944248948
          ],
          [
            -67.7402692761,
            45.4766663119
          ],
          [
            -67.7713553789,
            45.4607395843
          ],
          [
            -67.8042858712,
            45.4467643285
          ],
          [
            -67.8388123641,
            45.4348454222
          ],
          [
            -67.8746750165,
            45.4250722506
          ],
          [
            -67.9098853932,
            45.417869965
          ],
          [
            -68.1246828064,
            45.3907815119
          ],
          [
            -68.4595526792,
            45.7065756816
          ],
          [
            -68.4602514962,
            45.723500365
          ],
          [
            -68.4579916323,
            45.7504529335
          ],
          [
            -68.4523701008,
            45.777165275
          ],
          [
            -68.443424997,
            45.8034335992
          ],
          [
            -68.4312200148,
            45.8290572175
          ],
          [
            -68.4158440975,
            45.8538400929
          ],
          [
            -68.3974108835,
            45.8775923621
          ],
          [
            -68.3760929529,
            45.9000981833
          ],
          [
            -68.3519849525,
            45.9212539651
          ],
          [
            -68.3252998495,
            45.9408613864
          ],
          [
            -68.3100319629,
            45.9502722244
          ],
          [
            -67.8863831894,
            46.0142322802
          ],
          [
            -67.8870276134,
            46.0138298078
          ]
        ]
      }
    },
    {
      "type": "Feature",
      "properties": {
        "Name": "Smyrna Mills",
        "Description": "",
        "feature_type": "boundary"
      },
      "geometry": {
        "type": "LineString",
        "coordinates": [
          [
            -68.516252978,
            46.059003948
          ],
          [
            -68.5357578785,
            46.0803107803
          ],
          [
            -68.5525258298,
            46.1027133197
          ],
          [
            -68.5664267297,
            46.1260422872
          ],
          [
            -68.5773517145,
            46.1501211858
          ],
          [
            -68.5852140778,
            46.1747676112
          ],
          [
            -68.5899500359,
            46.1997946133
          ],
          [
            -68.5915193316,
            46.225012099
          ],
          [
            -68.5899056677,
            46.2502282666
          ],
          [
            -68.585116962,
            46.2752510605
          ],
          [
            -68.5771854212,
            46.2998896361
          ],
          [
            -68.5661674246,
            46.3239558239
          ],
          [
            -68.5521432188,
            46.3472655801
          ],
          [
            -68.5352164184,
            46.3696404134
          ],
          [
            -68.5155133153,
            46.3909087761
          ],
          [
            -68.4931819977,
            46.4109074074
          ],
          [
            -68.4683912826,
            46.4294826183
          ],
          [
            -68.4413294686,
            46.4464915061
          ],
          [
            -68.412202917,
            46.4618030892
          ],
          [
            -68.3812344711,
            46.475299351
          ],
          [
            -68.3486617261,
            46.4868761832
          ],
          [
            -68.3147351638,
            46.4964442217
          ],
          [
            -68.2797161676,
            46.5039295651
          ],
          [
            -68.2438749364,
            46.5092743707
          ],
          [
            -68.2074883146,
            46.5124373223
          ],
          [
            -68.1708375596,
            46.5133939636
          ],
          [
            -68.1342060679,
            46.5121368971
          ],
          [
            -68.0978770796,
            46.5086758436
          ],
          [
            -68.0621313858,
            46.5030375632
          ],
          [
            -68.0272450582,
            46.4952656394
          ],
          [
            -67.9934872242,
            46.4854201257
          ],
          [
            -67.9611179073,
            46.473577061
          ],
          [
            -67.9303859531,
            46.4598278567
          ],
          [
            -67.9015270603,
            46.4442785611
          ],
          [
            -67.8747619323,
            46.4270490093
          ],
          [
            -67.8502945667,
            46.4082718651
          ],
          [
            -67.8283106962,
            46.3880915643
          ],
          [
            -67.8089763921,
            46.3666631687
          ],
          [
            -67.7924830649,
            46.3442215486
          ],
          [
            -67.7788524277,
            46.3208009776
          ],
          [
            -67.7682400093,
            46.2966481153
          ],
          [
            -67.7607229127,
            46.2719476359
          ],
          [
            -67.7563543221,
            46.2468881479
          ],
          [
            -67.7551632225,
            46.221660741
          ],
          [
            -67.7571543096,
            46.1964575214
          ],
          [
            -67.762308087,
            46.1714701473
          ],
          [
            -67.7705811459,
            46.1468883766
          ],
          [
            -67.7819066218,
            46.1228986361
          ],
          [
            -67.7961948196,
            46.0996826232
          ],
          [
            -67.8133340003,
            46.0774159511
          ],
          [
            -67.8331913197,
            46.0562668453
          ],
          [
            -67.8556139092,
            46.0363949013
          ],
          [
            -67.8804300897,
            46.0179499116
          ],
          [
            -67.8863831894,
            46.0142322802
          ],
          [
            -68.3100319629,
            45.9502722244
          ],
          [
            -68.3092343548,
            45.9507637413
          ],
          [
            -68.317923501,
            45.9526956227
          ],
          [
            -68.3514147818,
            45.9624429572
          ],
          [
            -68.3835697396,
            45.9741732878
          ],
          [
            -68.4141460938,
            45.9877985611
          ],
          [
            -68.4429129333,
            46.0032164304
          ],
          [
            -68.4696524188,
            46.0203109937
          ],
          [
            -68.4941614059,
            46.038953633
          ],
          [
            -68.516252978,
            46.059003948
          ]
        ]
      }
    },
    {
      "type": "Feature",
      "properties": {
        "Name": "New Sweden",
        "Description": "",
        "feature_type": "boundary"
      },
      "geometry": {
        "type": "LineString",
        "coordinates": [
          [
            -67.8578612095,
            46.6300232184
          ],
          [
            -67.8909345051,
            46.6080738989
          ],
          [
            -67.9266407636,
            46.588177282
          ],
          [
            -67.964709697,
            46.5704824632
          ],
          [
            -68.0048541841,
            46.5551219032
          ],
          [
            -68.0467723741,
            46.5422104853
          ],
          [
            -68.0901498722,
            46.5318447015
          ],
          [
            -68.1346619934,
            46.5241019702
          ],
          [
            -68.1799760703,
            46.5190400908
          ],
          [
            -68.2257538034,
            46.5166968372
          ],
          [
            -68.2716536408,
            46.517089692
          ],
          [
            -68.3173331743,
            46.5202157245
          ],
          [
            -68.3624515405,
            46.5260516105
          ],
          [
            -68.4066718138,
            46.5345537967
          ],
          [
            -68.4496633783,
            46.5456588063
          ],
          [
            -68.4911042679,
            46.5592836859
          ],
          [
            -68.5306834594,
            46.5753265907
          ],
          [
            -68.5681031083,
            46.5936675045
          ],
          [
            -68.6030807122,
            46.6141690915
          ],
          [
            -68.6353511892,
            46.6366776743
          ],
          [
            -68.6646688583,
            46.6610243331
          ],
          [
            -68.6908093072,
            46.6870261196
          ],
          [
            -68.7135711338,
            46.714487379
          ],
          [
            -68.7327775481,
            46.7432011705
          ],
          [
            -68.7482778194,
            46.77295078
          ],
          [
            -68.7599485567,
            46.8035113135
          ],
          [
            -68.7676948071,
            46.8346513608
          ],
          [
            -68.7714509605,
            46.8661347204
          ],
          [
            -68.7711814485,
            46.8977221706
          ],
          [
            -68.7668812254,
            46.9291732768
          ],
          [
            -68.7585760226,
            46.9602482204
          ],
          [
            -68.7463223665,
            46.990709636
          ],
          [
            -68.7302073549,
            47.0203244423
          ],
          [
            -68.7103481852,
            47.0488656528
          ],
          [
            -68.6868914335,
            47.0761141505
          ],
          [
            -68.660012084,
            47.101860413
          ],
          [
            -68.6299123104,
            47.1259061712
          ],
          [
            -68.5968200165,
            47.1480659901
          ],
          [
            -68.5609871426,
            47.1681687534
          ],
          [
            -68.5226877503,
            47.1860590424
          ],
          [
            -68.4822158985,
            47.2015983936
          ],
          [
            -68.4399876891,
            47.2146379009
          ],
          [
            -68.3961246458,
            47.2251396171
          ],
          [
            -68.3510664952,
            47.2329874345
          ],
          [
            -68.305162526,
            47.2381204334
          ],
          [
            -68.2587689833,
            47.2404987534
          ],
          [
            -68.2122461432,
            47.2401039214
          ],
          [
            -68.1659553469,
            47.2369390046
          ],
          [
            -68.1202560243,
            47.2310285842
          ],
          [
            -68.0755027364,
            47.2224185537
          ],
          [
            -68.032042267,
            47.2111757407
          ],
          [
            -67.990210792,
            47.1973873577
          ],
          [
            -67.9503311539,
            47.1811602872
          ],
          [
            -67.9127102681,
            47.1626202073
          ],
          [
            -67.8776366842,
            47.141910568
          ],
          [
            -67.8453783246,
            47.1191914264
          ],
          [
            -67.816180419,
            47.0946381535
          ],
          [
            -67.7902636511,
            47.0684400234
          ],
          [
            -67.7678225317,
            47.0407986997
          ],
          [
            -67.7490240072,
            47.0119266308
          ],
          [
            -67.734006312,
            46.9820453707
          ],
          [
            -67.7228780693,
            46.9513838383
          ],
          [
            -67.715717642,
            46.9201765305
          ],
          [
            -67.7125727321,
            46.8886617046
          ],
          [
            -67.7134602274,
            46.8570795438
          ],
          [
            -67.7183662877,
            46.8256703209
          ],
          [
            -67.7272466652,
            46.7946725748
          ],
          [
            -67.7400272494,
            46.7643213115
          ],
          [
            -67.7566048258,
            46.7348462451
          ],
          [
            -67.7768480378,
            46.7064700901
          ],
          [
            -67.8005985387,
            46.6794069158
          ],
          [
            -67.8276723209,
            46.6538605752
          ],
          [
            -67.8578612095,
            46.6300232184
          ]
        ]
      }
    },
    {
      "type": "Feature",
      "properties": {
        "Name": "Manchester NH",
        "Description": "",
        "feature_type": "boundary"
      },
      "geometry": {
        "type": "LineString",
        "coordinates": [
          [
            -71.1129119048,
            43.3194070108
          ],
          [
            -71.0775028067,
            43.2967525053
          ],
          [
            -71.0449683919,
            43.2719289051
          ],
          [
            -71.0171352982,
            43.2465675097
          ],
          [
            -71.0174712872,
            43.2469968328
          ],
          [
            -70.9938380859,
            43.2222670294
          ],
          [
            -70.996458876,
            43.2245699997
          ],
          [
            -71.0051225672,
            43.2336954004
          ],
          [
            -70.9894876197,
            43.2165552303
          ],
          [
            -70.9669592153,
            43.1864313826
          ],
          [
            -70.9481383613,
            43.1549875035
          ],
          [
            -70.9331635692,
            43.122464746
          ],
          [
            -70.9221432862,
            43.0891121443
          ],
          [
            -70.9151552423,
            43.0551846739
          ],
          [
            -70.9122460489,
            43.0209412775
          ],
          [
            -70.9134310463,
            42.986642874
          ],
          [
            -70.9186943948,
            42.9525503649
          ],
          [
            -70.9279894013,
            42.9189226551
          ],
          [
            -70.941239075,
            42.8860147005
          ],
          [
            -70.9583368997,
            42.854075599
          ],
          [
            -70.9791478127,
            42.8233467374
          ],
          [
            -71.0035093774,
            42.7940600059
          ],
          [
            -71.0312331374,
            42.766436094
          ],
          [
            -71.0621061375,
            42.740682878
          ],
          [
            -71.095892599,
            42.7169939097
          ],
          [
            -71.1323357336,
            42.6955470175
          ],
          [
            -71.1711596843,
            42.6765030263
          ],
          [
            -71.2120715759,
            42.6600046049
          ],
          [
            -71.2547636642,
            42.6461752479
          ],
          [
            -71.2989155685,
            42.6351183972
          ],
          [
            -71.3441965732,
            42.6269167079
          ],
          [
            -71.3902679867,
            42.6216314637
          ],
          [
            -71.4367855429,
            42.6193021437
          ],
          [
            -71.483401832,
            42.6199461441
          ],
          [
            -71.5297687493,
            42.6235586555
          ],
          [
            -71.5755399462,
            42.6301126967
          ],
          [
            -71.6203732731,
            42.6395593051
          ],
          [
            -71.6639331989,
            42.6518278823
          ],
          [
            -71.705893196,
            42.6668266929
          ],
          [
            -71.7459380758,
            42.6844435146
          ],
          [
            -71.7837662623,
            42.7045464354
          ],
          [
            -71.8190919897,
            42.7269847926
          ],
          [
            -71.8516474111,
            42.7515902507
          ],
          [
            -71.8811846034,
            42.7781780098
          ],
          [
            -71.9074774541,
            42.8065481376
          ],
          [
            -71.9303234178,
            42.8364870188
          ],
          [
            -71.9495251932,
            42.8677322927
          ],
          [
            -71.9649763178,
            42.9001198481
          ],
          [
            -71.9765297341,
            42.9333695358
          ],
          [
            -71.9840915666,
            42.9672294972
          ],
          [
            -71.9875978247,
            43.0014428343
          ],
          [
            -71.9870150828,
            43.0357495387
          ],
          [
            -71.9823409381,
            43.0698884574
          ],
          [
            -71.9736042366,
            43.1035992801
          ],
          [
            -71.96086506,
            43.1366245333
          ],
          [
            -71.9442144657,
            43.1687115666
          ],
          [
            -71.9237739776,
            43.1996145134
          ],
          [
            -71.8996948238,
            43.2290962116
          ],
          [
            -71.8721569235,
            43.2569300687
          ],
          [
            -71.841367625,
            43.2829018527
          ],
          [
            -71.8075602006,
            43.3068113962
          ],
          [
            -71.7709921092,
            43.3284741969
          ],
          [
            -71.7319430353,
            43.3477228997
          ],
          [
            -71.6907127218,
            43.3644086472
          ],
          [
            -71.6476186126,
            43.3784022863
          ],
          [
            -71.6029933256,
            43.3895954184
          ],
          [
            -71.5571819783,
            43.3979012837
          ],
          [
            -71.5105393919,
            43.4032554702
          ],
          [
            -71.4634271992,
            43.4056164423
          ],
          [
            -71.4162108849,
            43.4049658807
          ],
          [
            -71.3692567886,
            43.4013088336
          ],
          [
            -71.3229290978,
            43.3946736746
          ],
          [
            -71.2775868638,
            43.3851118701
          ],
          [
            -71.2335810677,
            43.3726975574
          ],
          [
            -71.1912517661,
            43.3575269373
          ],
          [
            -71.1509253447,
            43.3397174885
          ],
          [
            -71.1129119048,
            43.3194070108
          ]
        ]
      }
    },
    {
      "type": "Feature",
      "properties": {
        "Name": "Sanford",
        "Description": "",
        "feature_type": "center",
        "center_method": "adjusted_polygon_centroid_or_interior_point"
      },
      "geometry": {
        "type": "Point",
        "coordinates": [
          -70.6797305048,
          43.3977468672
        ]
      }
    },
    {
      "type": "Feature",
      "properties": {
        "Name": "Freeport",
        "Description": "",
        "feature_type": "center",
        "center_method": "adjusted_polygon_centroid_or_interior_point"
      },
      "geometry": {
        "type": "Point",
        "coordinates": [
          -70.0638997046,
          43.8153612677
        ]
      }
    },
    {
      "type": "Feature",
      "properties": {
        "Name": "Bridgton",
        "Description": "",
        "feature_type": "center",
        "center_method": "adjusted_polygon_centroid_or_interior_point"
      },
      "geometry": {
        "type": "Point",
        "coordinates": [
          -70.6483209388,
          43.966756132
        ]
      }
    },
    {
      "type": "Feature",
      "properties": {
        "Name": "Bethel",
        "Description": "",
        "feature_type": "center",
        "center_method": "adjusted_polygon_centroid_or_interior_point"
      },
      "geometry": {
        "type": "Point",
        "coordinates": [
          -70.7488721789,
          44.4444820434
        ]
      }
    },
    {
      "type": "Feature",
      "properties": {
        "Name": "Farmington",
        "Description": "",
        "feature_type": "center",
        "center_method": "adjusted_polygon_centroid_or_interior_point"
      },
      "geometry": {
        "type": "Point",
        "coordinates": [
          -70.3294334337,
          44.8716113318
        ]
      }
    },
    {
      "type": "Feature",
      "properties": {
        "Name": "Monson",
        "Description": "",
        "feature_type": "center",
        "center_method": "adjusted_polygon_centroid_or_interior_point"
      },
      "geometry": {
        "type": "Point",
        "coordinates": [
          -69.3838278096,
          45.3600794589
        ]
      }
    },
    {
      "type": "Feature",
      "properties": {
        "Name": "Hartland",
        "Description": "",
        "feature_type": "center",
        "center_method": "adjusted_polygon_centroid_or_interior_point"
      },
      "geometry": {
        "type": "Point",
        "coordinates": [
          -69.570681485,
          44.8353899955
        ]
      }
    },
    {
      "type": "Feature",
      "properties": {
        "Name": "Winthrop",
        "Description": "",
        "feature_type": "center",
        "center_method": "adjusted_polygon_centroid_or_interior_point"
      },
      "geometry": {
        "type": "Point",
        "coordinates": [
          -69.9560735416,
          44.3631888573
        ]
      }
    },
    {
      "type": "Feature",
      "properties": {
        "Name": "Warren",
        "Description": "",
        "feature_type": "center",
        "center_method": "adjusted_polygon_centroid_or_interior_point",
        "union_members": [
          "Warren",
          "+Warren"
        ]
      },
      "geometry": {
        "type": "Point",
        "coordinates": [
          -69.2810470823,
          43.9818981722
        ]
      }
    },
    {
      "type": "Feature",
      "properties": {
        "Name": "Searsport",
        "Description": "",
        "feature_type": "center",
        "center_method": "adjusted_polygon_centroid_or_interior_point"
      },
      "geometry": {
        "type": "Point",
        "coordinates": [
          -69.0530147175,
          44.4448155894
        ]
      }
    },
    {
      "type": "Feature",
      "properties": {
        "Name": "Orono",
        "Description": "",
        "feature_type": "center",
        "center_method": "adjusted_polygon_centroid_or_interior_point"
      },
      "geometry": {
        "type": "Point",
        "coordinates": [
          -68.7985707341,
          44.9451456029
        ]
      }
    },
    {
      "type": "Feature",
      "properties": {
        "Name": "Lincoln",
        "Description": "",
        "feature_type": "center",
        "center_method": "adjusted_polygon_centroid_or_interior_point"
      },
      "geometry": {
        "type": "Point",
        "coordinates": [
          -68.5876482139,
          45.4220768494
        ]
      }
    },
    {
      "type": "Feature",
      "properties": {
        "Name": "Ellsworth",
        "Description": "",
        "feature_type": "center",
        "center_method": "adjusted_polygon_centroid_or_interior_point"
      },
      "geometry": {
        "type": "Point",
        "coordinates": [
          -68.2802991418,
          44.5171232312
        ]
      }
    },
    {
      "type": "Feature",
      "properties": {
        "Name": "Machias",
        "Description": "",
        "feature_type": "center",
        "center_method": "adjusted_polygon_centroid_or_interior_point"
      },
      "geometry": {
        "type": "Point",
        "coordinates": [
          -67.4052786381,
          44.6838755287
        ]
      }
    },
    {
      "type": "Feature",
      "properties": {
        "Name": "Princeton",
        "Description": "",
        "feature_type": "center",
        "center_method": "adjusted_polygon_centroid_or_interior_point"
      },
      "geometry": {
        "type": "Point",
        "coordinates": [
          -67.9000626875,
          45.0911127469
        ]
      }
    },
    {
      "type": "Feature",
      "properties": {
        "Name": "Danforth",
        "Description": "",
        "feature_type": "center",
        "center_method": "adjusted_polygon_centroid_or_interior_point"
      },
      "geometry": {
        "type": "Point",
        "coordinates": [
          -68.0004104968,
          45.7160347086
        ]
      }
    },
    {
      "type": "Feature",
      "properties": {
        "Name": "Smyrna Mills",
        "Description": "",
        "feature_type": "center",
        "center_method": "adjusted_polygon_centroid_or_interior_point"
      },
      "geometry": {
        "type": "Point",
        "coordinates": [
          -68.176055471,
          46.23267382
        ]
      }
    },
    {
      "type": "Feature",
      "properties": {
        "Name": "New Sweden",
        "Description": "",
        "feature_type": "center",
        "center_method": "adjusted_polygon_centroid_or_interior_point"
      },
      "geometry": {
        "type": "Point",
        "coordinates": [
          -68.2421221321,
          46.8785045784
        ]
      }
    },
    {
      "type": "Feature",
      "properties": {
        "Name": "Manchester NH",
        "Description": "",
        "feature_type": "center",
        "center_method": "adjusted_polygon_centroid_or_interior_point"
      },
      "geometry": {
        "type": "Point",
        "coordinates": [
          -71.4500040129,
          43.0124023091
        ]
      }
    }
  ]
}
